,portRet,turnover,portTransactionCost,CompoundAnnualReturn,Min_monthly,Max_monthly,portStdDev_monthly,portVaR,portCVaR,growth_multiplier,wealth_index,peak_wealth_index,drawdown,drawdown_pct,monthly_Rf,portSR,monthly_Rm,Rp_minus_Rm,portIR,portBeta,portTR
12/30/1994,-0.006613247,0,0,NA,NA,NA,NA,NA,NA,1,1000,1000,0,0,0.00443,NA,0.01486249,-0.021475737,NA,NA,NA
1/31/1995,0.004688475,0.212,0.00053,NA,NA,NA,NA,NA,NA,1.004688475,1004.688475,1004.688475,0,0,0.004156,NA,0.026,-0.021311525,NA,NA,NA
2/28/1995,0.026386982,0.218,0.000545,NA,NA,NA,NA,NA,NA,1.026386982,1031.199172,1031.199172,0,0,0.003983,NA,0.039228,-0.012841018,NA,NA,NA
3/31/1995,0.031608861,0.208,0.00052,NA,NA,NA,NA,NA,NA,1.031608861,1063.794203,1063.794203,0,0,0.004134,NA,0.029263859,0.002345002,NA,NA,NA
4/28/1995,0.038873863,0.2135,0.00053375,NA,NA,NA,NA,NA,NA,1.038873863,1105.147993,1105.147993,0,0,0.00445,NA,0.029395,0.009478863,NA,NA,NA
5/31/1995,0.028911551,0.201,0.0005025,NA,NA,NA,NA,NA,NA,1.028911551,1137.099536,1137.099536,0,0,0.005355,NA,0.039809,-0.010897449,NA,NA,NA
6/30/1995,0.065930548,0.193,0.0004825,NA,NA,NA,NA,NA,NA,1.065930548,1212.069131,1212.069131,0,0,0.004714,NA,0.024063667,0.041866881,NA,NA,NA
7/31/1995,0.052084374,0.1665,0.00041625,NA,NA,NA,NA,NA,NA,1.052084374,1275.198993,1275.198993,0,0,0.004522,NA,0.033405,0.018679374,NA,NA,NA
8/31/1995,0.006595754,0.2215,0.00055375,NA,NA,NA,NA,NA,NA,1.006595754,1283.609892,1283.609892,0,0,0.004637,NA,0.003502,0.003093754,NA,NA,NA
9/29/1995,0.020104529,0.181,0.0004525,NA,NA,NA,NA,NA,NA,1.020104529,1309.416264,1309.416264,0,0,0.004309,NA,0.04200703,-0.021902501,NA,NA,NA
10/31/1995,-0.033653609,0.2085,0.00052125,NA,NA,NA,NA,NA,NA,0.966346391,1265.349681,1309.416264,-44.06658298,-0.033653609,0.004714,NA,-0.003442,-0.030211609,NA,NA,NA
11/30/1995,0.038640552,0.203,0.0005075,0.305552075,-0.033653609,0.065930548,0.026976326,0.01878141,0.033653609,1.038640552,1314.243491,1314.243491,0,0,0.004108,0.679752291,0.044179,-0.005538448,-0.197847764,NA,NA
12/29/1995,-0.02033358,0.175,0.0004375,0.287520216,-0.033653609,0.065930548,0.028579281,0.026327593,0.033653609,0.97966642,1287.520216,1314.243491,-26.72327517,-0.02033358,0.004882,0.600301716,0.01753253,-0.03786611,-0.243780592,NA,NA
1/31/1996,0.038029209,0.1975,0.00049375,0.330246763,-0.033653609,0.065930548,0.028400172,0.026327593,0.033653609,1.038029209,1336.483592,1336.483592,0,0,0.004278,0.701559829,0.034861,0.003168209,-0.155411087,NA,NA
2/29/1996,0.015111797,0.2095,0.00052375,0.315633582,-0.033653609,0.065930548,0.028515877,0.026327593,0.033653609,1.015111797,1356.68026,1356.68026,0,0,0.003908,0.665982338,0.010088,0.005023797,-0.087449461,NA,NA
3/29/1996,0.018594187,0.177,0.0004425,0.299035681,-0.033653609,0.065930548,0.028426456,0.026327593,0.033653609,1.018594187,1381.906627,1381.906627,0,0,0.003943,0.630484189,0.009482099,0.009112088,-0.060867192,NA,NA
4/30/1996,0.052333751,0.173,0.0004325,0.315866285,-0.033653609,0.065930548,0.029384661,0.026327593,0.033653609,1.052333751,1454.226984,1454.226984,0,0,0.004579,0.647730408,0.015133,0.037200751,0.039969263,NA,NA
5/31/1996,0.02494567,0.167,0.0004175,0.310794353,-0.033653609,0.065930548,0.029340891,0.026327593,0.033653609,1.02494567,1490.503651,1490.503651,0,0,0.003982,0.641332443,0.025257,-0.00031133,0.076919044,NA,NA
6/28/1996,-0.024731082,0.195,0.0004875,0.199306083,-0.033653609,0.052333751,0.029007899,0.028746219,0.033653609,0.975268918,1453.641883,1490.503651,-36.86176801,-0.024731082,0.004,0.3902947,0.004033779,-0.028764861,-0.182562315,NA,NA
7/31/1996,-0.059038289,0.1885,0.00047125,0.072633652,-0.059038289,0.052333751,0.033678215,0.045076715,0.059038289,0.940961711,1367.821353,1490.503651,-122.6822976,-0.08230929,0.004497,0.061270787,-0.044444,-0.014594289,-0.323655048,NA,NA
8/30/1996,0.04342483,0.183,0.0004575,0.111878906,-0.059038289,0.052333751,0.035336623,0.045076715,0.059038289,1.04342483,1427.218763,1490.503651,-63.28488785,-0.042458727,0.004122,0.146462695,0.021928,0.02149683,-0.234865738,NA,NA
9/30/1996,0.083491351,0.179,0.0004475,0.180968366,-0.059038289,0.083491351,0.041306977,0.045076715,0.059038289,1.083491351,1546.379185,1546.379185,0,0,0.004375,0.25303794,0.055935534,0.027555817,-0.04848207,NA,NA
10/31/1996,0.017841358,0.1885,0.00047125,0.243900175,-0.059038289,0.083491351,0.038395299,0.040169325,0.059038289,1.017841358,1573.96869,1573.96869,0,0,0.004246,0.38500754,0.026798,-0.008956642,0.028560116,NA,NA
11/29/1996,0.102722004,0.169,0.0004225,0.320645618,-0.059038289,0.102722004,0.045220973,0.040169325,0.059038289,1.102722004,1735.649908,1735.649908,0,0,0.003941,0.445291551,0.076441,0.026281004,0.142300022,NA,NA
12/31/1996,-0.025995178,0.1695,0.00042375,0.313013465,-0.059038289,0.102722004,0.045756097,0.040864578,0.059038289,0.974004822,1690.53138,1735.649908,-45.11852831,-0.025995178,0.004404,0.430643173,-0.019898269,-0.006096909,0.305075652,NA,NA
1/31/1997,0.076676888,0.1935,0.00048375,0.361899298,-0.059038289,0.102722004,0.048139544,0.040864578,0.059038289,1.076676888,1820.156065,1820.156065,0,0,0.004014,0.47668068,0.062827,0.013849888,0.348984605,NA,NA
2/28/1997,-0.026728702,0.159,0.0003975,0.305765041,-0.059038289,0.102722004,0.050543173,0.041268016,0.059038289,0.973271298,1771.505656,1820.156065,-48.65040906,-0.026728702,0.003788,0.385224774,0.007752,-0.034480702,0.153897932,NA,NA
3/31/1997,-0.037773611,0.169,0.0004225,0.233505548,-0.059038289,0.102722004,0.05358153,0.047342716,0.059038289,0.962226389,1704.589491,1820.156065,-115.5665746,-0.063492673,0.00431,0.275142992,-0.041778163,0.004004552,0.135702441,NA,NA
4/30/1997,0.034513051,0.174,0.000435,0.212616802,-0.059038289,0.102722004,0.052813021,0.047342716,0.059038289,1.034513051,1763.420075,1820.156065,-56.73599058,-0.031170948,0.004313,0.251447287,0.060274,-0.025760949,-0.100008518,NA,NA
5/30/1997,0.107717072,0.202,0.000505,0.310543937,-0.059038289,0.107717072,0.058932252,0.047342716,0.059038289,1.107717072,1953.370522,1953.370522,0,0,0.004263,0.341984061,0.061401,0.046316072,0.067728172,NA,NA
6/30/1997,0.024012432,0.1655,0.00041375,0.376044349,-0.059038289,0.107717072,0.056886597,0.047342716,0.059038289,1.024012432,2000.275699,2000.275699,0,0,0.003744,0.426061414,0.043982331,-0.019969899,0.099552371,NA,NA
7/31/1997,0.122308439,0.1755,0.00043875,0.641242324,-0.037773611,0.122308439,0.055618678,0.031698911,0.037773611,1.122308439,2244.926297,2244.926297,0,0,0.004294,0.707789707,0.080388,0.041920439,0.270106548,NA,NA
8/29/1997,-0.026077407,0.1705,0.00042625,0.531919631,-0.037773611,0.122308439,0.059136749,0.031698911,0.037773611,0.973922593,2186.38444,2244.926297,-58.54185673,-0.026077407,0.004058,0.567833178,-0.054975,0.028897593,0.288483648,NA,NA
9/30/1997,0.038287898,0.1795,0.00044875,0.46800767,-0.037773611,0.122308439,0.057369807,0.031698911,0.037773611,1.038287898,2270.096505,2270.096505,0,0,0.004576,0.519369075,0.05375974,-0.015471842,0.155844012,NA,NA
10/31/1997,-0.075266553,0.169,0.0004225,0.333720409,-0.075266553,0.122308439,0.065471856,0.054645435,0.075266553,0.924733447,2099.234166,2270.096505,-170.8623389,-0.075266553,0.003911,0.33701546,-0.032605,-0.042661553,0.046601598,NA,NA
11/28/1997,0.005866868,0.181,0.0004525,0.216576042,-0.075266553,0.122308439,0.060997929,0.054645435,0.075266553,1.005866868,2111.550095,2270.096505,-158.5464091,-0.069841264,0.003773,0.229643312,0.046321,-0.040454132,-0.133209861,1.171821044,0.011953844
12/31/1997,0.002806198,0.176,0.00044,0.252550262,-0.075266553,0.122308439,0.05965581,0.054645435,0.075266553,1.002806198,2117.475523,2270.096505,-152.6209815,-0.067231054,0.004629,0.274728165,0.016998945,-0.014192747,-0.154162676,1.169463724,0.014014228
1/30/1998,0.006657464,0.1835,0.00045875,0.171093282,-0.075266553,0.122308439,0.057031238,0.054645435,0.075266553,1.006657464,2131.57254,2270.096505,-138.5239644,-0.061021179,0.004204,0.184781993,0.011994,-0.005336536,-0.208854351,1.171593717,0.008994881
2/27/1998,0.087716281,0.2075,0.00051875,0.308799748,-0.075266553,0.122308439,0.059009412,0.054645435,0.075266553,1.087716281,2318.546156,2318.546156,0,0,0.003847,0.340123897,0.071956,0.015760281,-0.074745394,1.187472856,0.016901869
3/31/1998,0.022785151,0.205,0.0005125,0.39117048,-0.075266553,0.122308439,0.055722658,0.048212523,0.075266553,1.022785151,2371.37458,2371.37458,0,0,0.004485,0.450489834,0.051226759,-0.028441608,-0.160285297,1.165085102,0.021545629
4/30/1998,0.031284762,0.2175,0.00054375,0.38682921,-0.075266553,0.122308439,0.055702872,0.048212523,0.075266553,1.031284762,2445.56247,2445.56247,0,0,0.004308,0.445827709,0.011275,0.020009762,-0.036739965,1.156331896,0.021476432
5/29/1998,-0.046201593,0.194,0.000485,0.194127567,-0.075266553,0.122308439,0.053613172,0.059280825,0.075266553,0.953798407,2332.573588,2445.56247,-112.9888819,-0.046201593,0.003805,0.22467417,-0.017674,-0.028527593,-0.264645596,1.181921389,0.010191452
6/30/1998,0.001428508,0.173,0.0004325,0.167791865,-0.075266553,0.122308439,0.053709595,0.059280825,0.075266553,1.001428508,2335.905688,2445.56247,-109.6567818,-0.044839084,0.004021,0.188800865,0.040845598,-0.03941709,-0.308076033,1.162950295,0.008719563
7/31/1998,-0.005910432,0.1795,0.00044875,0.03437671,-0.075266553,0.087716281,0.041674576,0.059280825,0.075266553,0.994089568,2322.099476,2445.56247,-123.4629936,-0.050484498,0.003873,-0.01222339,-0.010109,0.004198568,-0.486829947,1.147659646,-0.000443864
8/31/1998,-0.175458433,0.184,0.00046,-0.124276817,-0.175458433,0.087716281,0.066353393,0.120352899,0.175458433,0.824541567,1914.667541,2445.56247,-530.8949289,-0.217085,0.004012,-0.195227245,-0.143124,-0.032334433,-0.789249227,1.159043806,-0.011176446
9/30/1998,0.077918784,0.176,0.00044,-0.090850938,-0.175458433,0.087716281,0.069808284,0.120352899,0.175458433,1.077918784,2063.856107,2445.56247,-381.7063624,-0.156081215,0.003875,-0.137419216,0.062975143,0.014943641,-0.619194391,1.173985393,-0.008171311
10/30/1998,0.080488439,0.168,0.00042,0.06227914,-0.175458433,0.087716281,0.070142614,0.104367171,0.175458433,1.080488439,2229.972664,2445.56247,-215.589806,-0.08815551,0.003353,0.048944328,0.080111,0.000377439,-0.49743263,1.161435537,0.002955896
11/30/1998,0.056727328,0.1995,0.00049875,0.115992019,-0.175458433,0.087716281,0.071560645,0.104367171,0.175458433,1.056727328,2356.473054,2445.56247,-89.08941526,-0.036429008,0.003233,0.107830984,0.062164,-0.005436672,-0.402533191,1.158406255,0.006661268
12/31/1998,0.076511101,0.176,0.00044,0.198015927,-0.175458433,0.087716281,0.073855386,0.104367171,0.175458433,1.076511101,2536.769402,2536.769402,0,0,0.003779,0.188603217,0.059502766,0.017008335,-0.260497248,1.163054417,0.011976536
1/29/1999,0.030346034,0.1895,0.00047375,0.226207527,-0.175458433,0.087716281,0.073846223,0.104367171,0.175458433,1.030346034,2613.750293,2613.750293,0,0,0.003494,0.216159701,0.0428,-0.012453966,-0.286887014,1.158854002,0.013774451
2/26/1999,-0.060985142,0.169,0.0004225,0.058573,-0.175458433,0.080488439,0.073890425,0.112498123,0.175458433,0.939014858,2454.35036,2613.750293,-159.3999328,-0.060985142,0.003372,0.04886121,-0.031935,-0.029050142,-0.465674458,1.172513028,0.003079177
3/31/1999,0.026152166,0.1445,0.00036125,0.062057829,-0.175458433,0.080488439,0.073960471,0.112498123,0.175458433,1.026152166,2518.536938,2613.750293,-95.21335472,-0.03642787,0.004076,0.053069477,0.038814578,-0.012662412,-0.419196242,1.171963914,0.003349116
4/30/1999,0.027533761,0.196,0.00049,0.0581949,-0.175458433,0.080488439,0.073859552,0.112498123,0.175458433,1.027533761,2587.881732,2613.750293,-25.8685606,-0.009897105,0.003784,0.049501069,0.037559,-0.010025239,-0.601964004,1.174300479,0.003113451
5/28/1999,0.008444604,0.201,0.0005025,0.11882231,-0.175458433,0.080488439,0.07191469,0.112498123,0.175458433,1.008444604,2609.735369,2613.750293,-4.014924171,-0.001536078,0.003463,0.114559021,-0.023159,0.031603604,-0.28714763,1.149849034,0.007164833
6/30/1999,0.052548846,0.166,0.000415,0.175935298,-0.175458433,0.080488439,0.072745179,0.112498123,0.175458433,1.052548846,2746.873951,2746.873951,0,0,0.004098,0.17172393,0.054284253,-0.001735407,-0.160275717,1.143684984,0.010922665
7/30/1999,-0.024268307,0.174,0.000435,0.154219274,-0.175458433,0.080488439,0.073441966,0.112498123,0.175458433,0.975731693,2680.21197,2746.873951,-66.66198032,-0.024268307,0.003658,0.149508276,-0.03022,0.005951693,-0.151812964,1.131171177,0.009706914
8/31/1999,-0.003794288,0.174,0.000435,0.394520154,-0.060985142,0.080488439,0.043765545,0.040790883,0.060985142,0.996205712,2670.042474,2746.873951,-76.83147644,-0.027970514,0.003876,0.578008578,-0.005004,0.001209712,-0.001397056,1.12879947,0.022410411
9/30/1999,-0.02514686,0.1665,0.00041625,0.261182541,-0.060985142,0.080488439,0.043397535,0.041274087,0.060985142,0.97485314,2602.89929,2746.873951,-143.9746607,-0.052414003,0.003705,0.385326575,-0.028220208,0.003073348,-0.065616562,1.110048661,0.015064406
10/29/1999,0.045235866,0.168,0.00042,0.220034549,-0.060985142,0.076511101,0.040020472,0.041274087,0.060985142,1.045235866,2720.643693,2746.873951,-26.23025724,-0.00954913,0.003581,0.343961683,0.064238,-0.019002134,-0.161625357,1.10026333,0.012511104
11/30/1999,0.021623117,0.211,0.0005275,0.179505314,-0.060985142,0.076511101,0.038125963,0.041274087,0.060985142,1.021623117,2779.47249,2779.47249,0,0,0.003811,0.283061481,0.020822,0.000801117,-0.129625451,1.083011783,0.009964796
12/31/1999,0.055727193,0.1875,0.00046875,0.156732925,-0.060985142,0.055727193,0.035430447,0.041274087,0.060985142,1.055727193,2934.36469,2934.36469,0,0,0.003764,0.255747523,0.062354189,-0.006626996,-0.269632147,1.081237511,0.008380443
1/31/2000,-0.03075272,0.201,0.0005025,0.088139522,-0.060985142,0.055727193,0.037031322,0.04435731,0.060985142,0.96924728,2844.124994,2934.36469,-90.23969569,-0.03075272,0.004343,0.105287527,-0.04963,0.01887728,-0.090425331,1.049289443,0.003715787
2/29/2000,0.133380643,0.148,0.00037,0.313372478,-0.03075272,0.133380643,0.045743315,0.027669497,0.03075272,1.133380643,3223.476215,3223.476215,0,0,0.004295,0.437641401,-0.017458,0.150838643,0.29820744,0.98065276,0.020414125
3/31/2000,0.099010639,0.146,0.000365,0.406624061,-0.03075272,0.133380643,0.050643622,0.027669497,0.03075272,1.099010639,3542.634655,3542.634655,0,0,0.004377,0.514687214,0.098275027,0.000735612,0.32672571,0.983707083,0.026497344
4/28/2000,0.006808265,0.159,0.0003975,0.378252262,-0.03075272,0.133380643,0.051085435,0.027669497,0.03075272,1.006808265,3566.75385,3566.75385,0,0,0.004595,0.475104426,-0.031583,0.038391265,0.419039033,0.97412567,0.024915591
5/31/2000,0.00408063,0.1565,0.00039125,0.372287971,-0.03075272,0.133380643,0.051254378,0.027669497,0.03075272,1.00408063,3581.308453,3581.308453,0,0,0.004782,0.464298591,-0.022304,0.02638463,0.410314723,0.941379023,0.025279228
6/30/2000,0.061984323,0.1735,0.00043375,0.38458972,-0.03075272,0.133380643,0.051737472,0.027669497,0.03075272,1.061984323,3803.293433,3803.293433,0,0,0.003744,0.475731116,0.026031502,0.035952821,0.483229149,0.951370091,0.025871241
7/31/2000,0.007360357,0.177,0.0004425,0.429471651,-0.03075272,0.133380643,0.04955575,0.027669497,0.03075272,1.007360357,3831.287031,3831.287031,0,0,0.004772,0.547989154,-0.012795,0.020155357,0.513005788,0.913765629,0.029718795
8/31/2000,0.108363401,0.167,0.0004175,0.590408529,-0.03075272,0.133380643,0.052806615,0.027669497,0.03075272,1.108363401,4246.458323,4246.458323,0,0,0.005002,0.689471469,0.062594,0.045769401,0.598593312,0.957806791,0.038012525
9/29/2000,-0.063513643,0.149,0.0003725,0.527815656,-0.063513643,0.133380643,0.058052715,0.045495135,0.063513643,0.936486357,3976.750285,4246.458323,-269.708038,-0.063513643,0.005093,0.570098333,-0.052309112,-0.011204531,0.560374263,0.979175212,0.033799626
10/31/2000,-0.043461672,0.171,0.0004275,0.39816694,-0.063513643,0.133380643,0.062450279,0.052485059,0.063513643,0.956538328,3803.914069,4246.458323,-442.5442545,-0.104214906,0.005217,0.409413083,-0.00412,-0.039341672,0.498531651,0.962352401,0.02656819
11/30/2000,-0.111398656,0.172,0.00043,0.216116787,-0.111398656,0.133380643,0.074688923,0.085061899,0.111398656,0.888601344,3380.163154,4246.458323,-866.2951693,-0.204004161,0.004966,0.192619772,-0.078268,-0.033130656,0.416580268,1.017904966,0.014133503
12/29/2000,0.065199436,0.183,0.0004575,0.227028085,-0.111398656,0.133380643,0.075161318,0.085061899,0.111398656,1.065199436,3600.547885,4246.458323,-645.9104381,-0.152105682,0.004909,0.200641775,0.005441642,0.059757794,0.524451477,1.015537448,0.014849773
1/31/2001,0.100326339,0.1915,0.00047875,0.392968903,-0.111398656,0.133380643,0.076663574,0.085061899,0.111398656,1.100326339,3961.777673,4246.458323,-284.6806503,-0.067039549,0.005243,0.338214796,0.032372,0.067954339,0.590602188,1.029461911,0.025186707
2/28/2001,-0.19352725,0.186,0.000465,-0.008813616,-0.19352725,0.108363401,0.093159195,0.148356523,0.19352725,0.80647275,3195.065735,4246.458323,-1051.392589,-0.247592819,0.003653,-0.013525978,-0.090952,-0.10257525,0.184951871,1.132884526,-0.001112266
3/30/2001,-0.100906174,0.212,0.00053,-0.189116532,-0.19352725,0.108363401,0.092386153,0.148356523,0.19352725,0.899093826,2872.663876,4246.458323,-1373.794447,-0.323515349,0.00432,-0.193914922,-0.063920411,-0.036985763,0.116670216,1.172482735,-0.015279588
4/30/2001,0.178769912,0.175,0.0004375,-0.050618606,-0.19352725,0.178769912,0.107822773,0.148356523,0.19352725,1.178769912,3386.209744,4246.458323,-860.2485792,-0.202580248,0.003864,-0.03268326,0.077824,0.100945912,0.194624155,1.229026842,-0.002867309
5/31/2001,-0.047706525,0.203,0.0005075,-0.099584555,-0.19352725,0.178769912,0.108725517,0.148356523,0.19352725,0.952293475,3224.665444,4246.458323,-1021.792879,-0.240622373,0.003183,-0.070878909,0.006859,-0.054565525,0.07325882,1.222170844,-0.006305457
6/29/2001,-0.004965094,0.1815,0.00045375,-0.156348377,-0.19352725,0.178769912,0.106776313,0.148356523,0.19352725,0.995034906,3208.654677,4246.458323,-1037.803646,-0.244392754,0.002778,-0.123669414,-0.024639929,0.019674835,0.051153971,1.234354386,-0.010697871
7/31/2001,-0.095963516,0.1705,0.00042625,-0.242880821,-0.19352725,0.178769912,0.109487267,0.148356523,0.19352725,0.904036484,2900.740893,4246.458323,-1345.717431,-0.316903482,0.002999,-0.19790006,-0.009317,-0.086646516,-0.091056461,1.246769471,-0.017378944
8/31/2001,-0.111766206,0.177,0.0004425,-0.393250589,-0.19352725,0.178769912,0.104843237,0.148558676,0.19352725,0.888233794,2576.536089,4246.458323,-1669.922235,-0.393250589,0.002996,-0.380038859,-0.063435,-0.048331206,-0.216694705,1.275319492,-0.031242763
9/28/2001,-0.215901181,0.172,0.00043,-0.491982458,-0.215901181,0.178769912,0.117032948,0.203595519,0.215901181,0.784098819,2020.258904,4246.458323,-2226.199419,-0.524248503,0.00273,-0.447280444,-0.08057781,-0.135323371,-0.332618585,1.384305088,-0.037814315
10/31/2001,0.148275984,0.21,0.000525,-0.390150582,-0.215901181,0.178769912,0.130130446,0.203595519,0.215901181,1.148275984,2319.814781,4246.458323,-1926.643542,-0.453705982,0.002154,-0.277515079,0.01954,0.128735984,-0.11904815,1.436989795,-0.025131119
11/30/2001,0.112717629,0.222,0.000555,-0.236338992,-0.215901181,0.178769912,0.133802576,0.203595519,0.215901181,1.112717629,2581.298803,4246.458323,-1665.15952,-0.392129015,0.001749,-0.128313826,0.078787,0.033930629,-0.052446466,1.458434898,-0.011772017
12/31/2001,0.037039375,0.2355,0.00058875,-0.256527456,-0.215901181,0.178769912,0.132532257,0.203595519,0.215901181,1.037039375,2676.908497,4246.458323,-1569.549826,-0.369613854,0.001484,-0.145096567,0.008885773,0.028153602,-0.085175526,1.470441935,-0.013077684
1/31/2002,0.005815836,0.1765,0.00044125,-0.32038666,-0.215901181,0.178769912,0.127702511,0.203595519,0.215901181,1.005815836,2692.476958,4246.458323,-1553.981365,-0.365947631,0.00139,-0.209743469,-0.014324,0.020139836,-0.137745799,1.486586719,-0.018017629
2/28/2002,-0.060393722,0.2095,0.00052375,-0.208195241,-0.215901181,0.178769912,0.116968455,0.158626945,0.215901181,0.939606278,2529.868253,4246.458323,-1716.59007,-0.404240414,0.001285,-0.132454289,-0.019481,-0.040912722,-0.078227675,1.487653049,-0.010414373
3/28/2002,0.111888038,0.186,0.000465,-0.02079381,-0.215901181,0.178769912,0.118535705,0.158626945,0.215901181,1.111888038,2812.930249,4246.458323,-1433.528075,-0.337582043,0.001341,0.020990532,0.037444645,0.074443393,0.042745183,1.529352702,0.001626915
4/30/2002,-0.083086094,0.2105,0.00052625,-0.238318044,-0.215901181,0.148275984,0.107158092,0.158626945,0.215901181,0.916913906,2579.214861,4246.458323,-1667.243462,-0.392619763,0.001546,-0.178614972,-0.061001,-0.022085094,-0.095357545,1.54664954,-0.012375163
5/31/2002,-0.037993602,0.2085,0.00052125,-0.230549264,-0.215901181,0.148275984,0.106941563,0.158626945,0.215901181,0.962006398,2481.221199,4246.458323,-1765.237125,-0.415696326,0.001442,-0.170051247,-0.0078,-0.030193602,-0.068348864,1.557053978,-0.011679458
6/28/2002,-0.12668577,0.196,0.00049,-0.324674669,-0.215901181,0.148275984,0.111456908,0.166832705,0.215901181,0.87331423,2166.88578,4246.458323,-2079.572543,-0.489719287,0.001312,-0.253073313,-0.071518699,-0.055167071,-0.15391733,1.603502865,-0.017590719
7/31/2002,-0.106093908,0.22,0.00055,-0.332242185,-0.215901181,0.148275984,0.112068896,0.166832705,0.215901181,0.893906092,1936.9924,4246.458323,-2309.465923,-0.543856962,0.001507,-0.25811475,-0.073987,-0.032106908,-0.095642733,1.604295374,-0.018030741
8/30/2002,-0.021598411,0.2175,0.00054375,-0.264455697,-0.215901181,0.148275984,0.108858948,0.166832705,0.215901181,0.978401589,1895.156442,4246.458323,-2351.301881,-0.553708927,0.001402,-0.195480659,0.007061,-0.028659411,-0.072651382,1.597728472,-0.013318796
9/30/2002,-0.124725602,0.201,0.0005025,-0.178926072,-0.12668577,0.148275984,0.096384581,0.125607678,0.12668577,0.875274398,1658.781914,4246.458323,-2587.67641,-0.60937285,0.001414,-0.140812847,-0.109112734,-0.015612868,0.093193543,1.557203388,-0.008715745
10/31/2002,0.130220706,0.2145,0.00053625,-0.191836486,-0.12668577,0.130220706,0.093759124,0.125607678,0.12668577,1.130220706,1874.789666,4246.458323,-2371.668658,-0.558505106,0.001334,-0.160074666,0.088599,0.041621706,-0.054824436,1.587322959,-0.009455203
11/29/2002,0.160353003,0.2365,0.00059125,-0.157239055,-0.12668577,0.160353003,0.100367732,0.125607678,0.12668577,1.160353003,2175.417819,4246.458323,-2071.040505,-0.487710074,0.001166,-0.109499959,0.059019,0.101334003,0.06912591,1.629289201,-0.006745434
12/31/2002,-0.073114777,0.2165,0.00054125,-0.246756984,-0.12668577,0.160353003,0.100750424,0.125607678,0.12668577,0.926885223,2016.36263,4246.458323,-2230.095693,-0.525166038,0.001079,-0.199860451,-0.058962805,-0.014151972,-0.002299297,1.665249627,-0.012091896
1/31/2003,0.005647075,0.23,0.000575,-0.246883367,-0.12668577,0.160353003,0.10074669,0.125607678,0.12668577,1.005647075,2027.749181,4246.458323,-2218.709142,-0.522484615,0.000934,-0.199630267,-0.026579,0.032226075,0.018062613,1.674160284,-0.01201324
2/28/2003,0.020093543,0.2065,0.00051625,-0.182370922,-0.12668577,0.160353003,0.100404384,0.125607678,0.12668577,1.020093543,2068.493846,4246.458323,-2177.964477,-0.512889639,0.000871,-0.133164669,-0.015246,0.035339543,0.149279315,1.682705661,-0.007945725
3/31/2003,0.007748873,0.19,0.000475,-0.258949864,-0.12668577,0.160353003,0.092937149,0.125607678,0.12668577,1.007748873,2084.522342,4246.458323,-2161.935981,-0.509115083,0.00102,-0.236954013,0.010205114,-0.002456241,0.019229119,1.772989371,-0.012420735
4/30/2003,0.108720749,0.192,0.00048,-0.103931508,-0.12668577,0.160353003,0.097621265,0.125607678,0.12668577,1.108720749,2311.153173,4246.458323,-1935.305151,-0.455745707,0.000939,-0.061332369,0.082774,0.025946749,0.111014311,1.735652916,-0.00344962
5/30/2003,0.119470277,0.185,0.0004625,0.042739472,-0.12668577,0.160353003,0.103176619,0.125607678,0.12668577,1.119470277,2587.267282,4246.458323,-1659.191041,-0.390723496,0.000903,0.069585176,0.053251,0.066219277,0.283466462,1.750241664,0.004102041
6/30/2003,0.012696283,0.177,0.0004425,0.209162007,-0.124725602,0.160353003,0.094035129,0.11447817,0.124725602,1.012696283,2620.11596,4246.458323,-1626.342363,-0.382987949,0.000984,0.200159958,0.012697818,-1.54E-06,0.432177469,1.74412271,0.010791711
7/31/2003,0.029934471,0.211,0.0005275,0.393163827,-0.124725602,0.160353003,0.085247716,0.096339648,0.124725602,1.029934471,2698.547745,4246.458323,-1547.910578,-0.36451802,0.000674,0.354580556,0.017932,0.012002471,0.565387417,1.74265688,0.017345458
8/29/2003,0.098691016,0.21,0.000525,0.564446131,-0.124725602,0.160353003,0.085535478,0.096339648,0.124725602,1.098691016,2964.870164,4246.458323,-1281.588159,-0.301801657,0.000689,0.47127483,0.019597,0.079094016,0.807816978,1.76528853,0.022835201
9/30/2003,-0.024175672,0.1885,0.00047125,0.744166856,-0.073114777,0.160353003,0.071577844,0.046198269,0.073114777,0.975824328,2893.192435,4246.458323,-1353.265888,-0.318681071,0.000865,0.6808759,-0.01083276,-0.013342912,0.818333137,1.774221697,0.027468737
10/31/2003,0.116056956,0.2415,0.00060375,0.722309228,-0.073114777,0.160353003,0.070233338,0.046198269,0.073114777,1.116056956,3228.967543,4246.458323,-1017.490781,-0.23960927,0.0007,0.67785686,0.05556,0.060496956,0.840088455,1.779934402,0.026747137
11/28/2003,0.020495714,0.246,0.000615,0.514719384,-0.073114777,0.119470277,0.060981308,0.046198269,0.073114777,1.020495714,3295.147538,4246.458323,-951.3107855,-0.22402452,0.000725,0.590182912,0.009259,0.011236714,0.778884014,1.792414359,0.020079133
12/31/2003,0.008586655,0.216,0.00054,0.648236177,-0.024175672,0.119470277,0.051394503,0.007773161,0.024175672,1.008586655,3323.441833,4246.458323,-923.0164904,-0.217361486,0.000831,0.833148343,0.051676573,-0.043089918,0.620825441,1.736998798,0.024651281
1/30/2004,0.035013984,0.2045,0.00051125,0.696367975,-0.024175672,0.119470277,0.050102643,0.006617172,0.024175672,1.035013984,3439.808772,4246.458323,-806.6495512,-0.189958193,0.000696,0.903870903,0.019078,0.015935984,0.584398557,1.722525761,0.026290649
2/27/2004,0.003817212,0.231,0.0005775,0.669301196,-0.024175672,0.119470277,0.051081757,0.008779586,0.024175672,1.003817212,3452.939251,4246.458323,-793.5190719,-0.186866092,0.000623,0.860397706,0.014403,-0.010585788,0.466119008,1.67536497,0.026233464
3/31/2004,-0.019382154,0.231,0.0005775,0.624359587,-0.024175672,0.119470277,0.053415668,0.021539237,0.024175672,0.980617846,3386.013851,4246.458323,-860.4444722,-0.202626379,0.000844,0.780751717,-0.015075956,-0.004306198,0.4606403,1.675523771,0.024890351
4/30/2004,-0.053694398,0.222,0.000555,0.386409137,-0.053694398,0.119470277,0.055639672,0.037459099,0.053694398,0.946305602,3204.203876,4246.458323,-1042.254448,-0.245440875,0.000795,0.506505123,-0.015584,-0.038110398,0.288082606,1.639604873,0.017188153
5/28/2004,0.044172386,0.2085,0.00052125,0.293156385,-0.053694398,0.116056956,0.048260852,0.037459099,0.053694398,1.044172386,3345.741206,4246.458323,-900.7171172,-0.212110198,0.000603,0.454446072,0.013629,0.030543386,0.231973549,1.648584328,0.013303508
6/30/2004,0.018923231,0.2035,0.00050875,0.301107849,-0.053694398,0.116056956,0.048177098,0.037459099,0.053694398,1.018923231,3409.05344,4246.458323,-837.4048834,-0.197200778,0.000817,0.466295901,0.019391766,-0.000468535,0.230823862,1.653565486,0.013585663
7/30/2004,-0.081221923,0.2465,0.00061625,0.160684879,-0.081221923,0.116056956,0.056697788,0.066081784,0.081221923,0.918778077,3132.163564,4246.458323,-1114.294759,-0.262405674,0.000919,0.232484096,-0.032954,-0.048267923,0.082839021,1.65633706,0.007958123
8/31/2004,-0.042789028,0.242,0.000605,0.011221795,-0.081221923,0.116056956,0.051986448,0.066081784,0.081221923,0.957210972,2998.141329,4246.458323,-1248.316994,-0.293966618,0.001116,0.026078853,0.003807,-0.046596028,-0.214246078,1.644210269,0.000824558
9/30/2004,0.049958316,0.282,0.000705,0.088044951,-0.081221923,0.116056956,0.052969175,0.066081784,0.081221923,1.049958316,3147.923421,4246.458323,-1098.534902,-0.25869438,0.001185,0.141722285,0.010706215,0.039252101,-0.078329016,1.538423908,0.004879613
10/29/2004,0.038060447,0.266,0.000665,0.012006083,-0.081221923,0.049958316,0.042248848,0.066081784,0.081221923,1.038060447,3267.734794,4246.458323,-978.7235294,-0.230479956,0.001129,0.022993609,0.014973,0.023087447,-0.188905882,1.51542895,0.000641042
11/30/2004,0.074378505,0.2395,0.00059875,0.065440616,-0.081221923,0.074378505,0.047008436,0.066081784,0.081221923,1.074378505,3510.784023,4246.458323,-735.6743007,-0.173244206,0.001541,0.114738685,0.040559,0.033819505,-0.122343098,1.533897807,0.003516327
12/31/2004,0.048453845,0.249,0.0006225,0.107555117,-0.081221923,0.074378505,0.04856627,0.066081784,0.081221923,1.048453845,3680.895008,4246.458323,-565.5633158,-0.133184709,0.001672,0.178022084,0.03364036,0.014813485,0.024358743,1.528388052,0.005656854
1/31/2005,-0.017349549,0.2235,0.00055875,0.051521575,-0.081221923,0.074378505,0.04843149,0.066081784,0.081221923,0.982650451,3617.033139,4246.458323,-629.4251841,-0.148223563,0.001661,0.086758103,-0.023878605,0.006529056,-0.000782026,1.528749523,0.002748537
2/28/2005,0.039294745,0.22,0.00055,0.088685106,-0.081221923,0.074378505,0.04940728,0.066081784,0.081221923,1.039294745,3759.163534,4246.458323,-487.2947892,-0.114753225,0.001641,0.143166189,0.02108953,0.018205215,0.076337058,1.516005174,0.004665849
3/31/2005,-0.009632193,0.2615,0.00065375,0.099509544,-0.081221923,0.074378505,0.048990263,0.066081784,0.081221923,0.990367807,3722.954545,4246.458323,-523.5037779,-0.123280093,0.002123,0.158794111,-0.017306498,0.007674305,0.108570988,1.487299878,0.005230529
4/29/2005,-0.035579756,0.2275,0.00056875,0.12055689,-0.081221923,0.074378505,0.047124837,0.060083831,0.081221923,0.964420244,3590.492731,4246.458323,-655.9655923,-0.154473574,0.002072,0.19485483,-0.018987326,-0.01659243,0.178082849,1.494606413,0.006143759
5/31/2005,0.047356989,0.243,0.0006075,0.123974457,-0.081221923,0.074378505,0.047339836,0.060083831,0.081221923,1.047356989,3760.527656,4246.458323,-485.9306675,-0.114431988,0.002395,0.196421305,0.031945552,0.015411437,0.138869365,1.485662155,0.006258861
6/30/2005,0.021706092,0.315,0.0007875,0.127044232,-0.081221923,0.074378505,0.047389924,0.060083831,0.081221923,1.021706092,3842.154015,4246.458323,-404.3043082,-0.095209767,0.002263,0.198564519,0.001665678,0.020040414,0.197313874,1.447158715,0.006502367
7/29/2005,0.05834978,0.265,0.0006625,0.298253675,-0.042789028,0.074378505,0.039083607,0.038823928,0.042789028,1.05834978,4066.342857,4246.458323,-180.1154667,-0.042415456,0.002383,0.535235471,0.037311524,0.021038256,0.494281267,1.435553054,0.014572037
8/31/2005,0.003900389,0.248,0.00062,0.361577967,-0.035579756,0.074378505,0.033961554,0.025553142,0.035579756,1.003900389,4082.203176,4246.458323,-164.2551478,-0.038680504,0.00292,0.72609706,-0.009207306,0.013107695,1.161237644,1.42924023,0.017253492
9/30/2005,0.017434508,0.251,0.0006275,0.31940134,-0.035579756,0.074378505,0.033215364,0.025553142,0.035579756,1.017434508,4153.37438,4246.458323,-93.08394383,-0.021920371,0.002848,0.656638396,0.007989469,0.009445039,1.138666309,1.505933748,0.01448303
10/31/2005,-0.023813212,0.2605,0.00065125,0.240758339,-0.035579756,0.074378505,0.03553292,0.029108157,0.035579756,0.976186788,4054.469195,4246.458323,-191.9891284,-0.045211589,0.002728,0.464951798,-0.015742732,-0.00807048,0.847349411,1.537646004,0.010744407
11/30/2005,0.056461011,0.2065,0.00051625,0.220066115,-0.035579756,0.05834978,0.033286384,0.029108157,0.035579756,1.056461011,4283.388625,4283.388625,0,0,0.003045,0.447709716,0.038242449,0.018218562,0.863427714,1.423128388,0.010471745
12/30/2005,0.007255053,0.1865,0.00046625,0.172123852,-0.035579756,0.05834978,0.031865805,0.029108157,0.035579756,1.007255053,4314.464836,4314.464836,0,0,0.00316,0.356036969,-0.000110633,0.007365686,0.815622301,1.436259988,0.00789927
1/31/2006,0.077645189,0.2005,0.00050125,0.285435354,-0.035579756,0.077645189,0.035067546,0.029108157,0.035579756,1.077645189,4649.462274,4649.462274,0,0,0.003488,0.54493071,0.026367458,0.051277731,0.788673951,1.521702021,0.012557901
2/28/2006,-0.034956299,0.2225,0.00055625,0.193599118,-0.035579756,0.077645189,0.038100015,0.035236855,0.035579756,0.965043701,4486.93428,4649.462274,-162.5279934,-0.034956299,0.003322,0.335477891,0.002376846,-0.037333145,0.385963936,1.59354361,0.008020937
3/31/2006,0.019680893,0.232,0.00058,0.228927482,-0.035579756,0.077645189,0.037272153,0.035236855,0.035579756,1.019680893,4575.241154,4649.462274,-74.22111996,-0.015963377,0.003642,0.405071488,0.012851024,0.006829869,0.382683577,1.592108649,0.00948295
4/28/2006,0.01201243,0.2025,0.00050625,0.289572564,-0.034956299,0.077645189,0.033387659,0.028827601,0.034956299,1.01201243,4630.200918,4649.462274,-19.26135587,-0.004142706,0.003559,0.567275031,0.012004936,7.49372E-06,0.47222087,1.691246216,0.011198834
5/31/2006,-0.049439416,0.2285,0.00057125,0.170390672,-0.049439416,0.077645189,0.038050574,0.041473702,0.049439416,0.950560584,4401.286489,4649.462274,-248.1757852,-0.053377309,0.004195,0.281825396,-0.028367052,-0.021072364,0.300628549,1.622739711,0.006608341
6/30/2006,-0.002472943,0.1955,0.00048875,0.142692964,-0.049439416,0.077645189,0.038236651,0.041473702,0.049439416,0.997527057,4390.402358,4649.462274,-259.0599158,-0.055718253,0.00397,0.224037627,0.001536887,-0.00400983,0.213333792,1.626966647,0.005265288
7/31/2006,-0.044020297,0.218,0.000545,0.032164697,-0.049439416,0.077645189,0.038335814,0.046458901,0.049439416,0.955979703,4197.135542,4649.462274,-452.3267316,-0.097285816,0.003976,-0.002533953,0.005498933,-0.04951923,-0.043377953,1.637043212,-5.93394E-05
8/31/2006,0.032165898,0.2385,0.00059625,0.061226007,-0.049439416,0.077645189,0.039233417,0.046458901,0.049439416,1.032165898,4332.140176,4649.462274,-317.3220978,-0.068249204,0.004283,0.054666016,0.024097644,0.008068254,-0.059742908,1.590027846,0.001348866
9/29/2006,0.005955541,0.218,0.000545,0.049252973,-0.049439416,0.077645189,0.039059863,0.046458901,0.049439416,1.005955541,4357.940414,4649.462274,-291.5218594,-0.062700124,0.004047,0.027860757,0.026438075,-0.020482534,-0.153252404,1.552683755,0.000700875
10/31/2006,0.039677641,0.211,0.0005275,0.117496025,-0.049439416,0.077645189,0.039145565,0.046458901,0.049439416,1.039677641,4530.85321,4649.462274,-118.6090641,-0.025510276,0.004076,0.160089869,0.032476597,0.007201044,-0.104598047,1.443338413,0.004341884
11/30/2006,0.02108497,0.212,0.00053,0.080076201,-0.049439416,0.077645189,0.036576051,0.046458901,0.049439416,1.02108497,4626.386114,4649.462274,-23.07616013,-0.004963189,0.004243,0.088007633,0.018337091,0.002747879,-0.157375637,1.442387761,0.002231696
12/29/2006,-0.008821933,0.192,0.00048,0.062836903,-0.049439416,0.077645189,0.036861151,0.046458901,0.049439416,0.991178067,4585.572445,4649.462274,-63.88982846,-0.013741337,0.004036,0.049000717,0.013718872,-0.022540805,-0.251290926,1.627652114,0.001109711
1/31/2007,0.028641124,0.254,0.000635,0.01450622,-0.049439416,0.039677641,0.030297269,0.046458901,0.049439416,1.028641124,4716.908394,4716.908394,0,0,0.004328,-0.077480556,0.015257395,0.013383729,-0.483665399,1.625370009,-0.001444255
2/28/2007,0.011045702,0.2345,0.00058625,0.062866015,-0.049439416,0.039677641,0.028076714,0.046458901,0.049439416,1.011045702,4769.009959,4769.009959,0,0,0.003837,0.051399681,-0.019333385,0.030379087,-0.193244445,1.546372952,0.000933238
3/30/2007,0.021162606,0.236,0.00059,0.064410481,-0.049439416,0.039677641,0.028148112,0.046458901,0.049439416,1.021162606,4869.934638,4869.934638,0,0,0.004257,0.053835236,0.010841415,0.010321191,-0.177902466,1.557019662,0.000973244
4/30/2007,0.050504375,0.1745,0.00043625,0.104895389,-0.049439416,0.050504375,0.030996527,0.046458901,0.049439416,1.050504375,5115.887643,5115.887643,0,0,0.004348,0.150251424,0.043944377,0.006559998,-0.150951687,1.471332454,0.003165343
5/31/2007,0.048046573,0.179,0.0004475,0.218209386,-0.044020297,0.050504375,0.026844726,0.024661197,0.044020297,1.048046573,5361.688512,5361.688512,0,0,0.004046,0.47657486,0.034417165,0.013629408,-0.016731516,1.463075798,0.008744264
6/29/2007,-0.013617071,0.2,0.0005,0.204599849,-0.044020297,0.050504375,0.027753752,0.027298523,0.044020297,0.986382929,5288.678019,5361.688512,-73.01049315,-0.013617071,0.003918,0.427660286,-0.016673277,0.003056206,0.011015724,1.448248038,0.008195542
7/31/2007,-0.04027801,0.185,0.0004625,0.209315387,-0.04027801,0.050504375,0.027029779,0.025614494,0.04027801,0.95972199,5075.660593,5361.688512,-286.0279193,-0.053346612,0.003962,0.450695559,-0.031263942,-0.009014068,0.243138521,1.344993832,0.00905744
8/31/2007,0.002966498,0.192,0.00048,0.175104526,-0.04027801,0.050504375,0.02678457,0.025614494,0.04027801,1.002966498,5090.71753,5361.688512,-270.9709823,-0.050538367,0.004205,0.364217833,0.015049632,-0.012083134,0.125133948,1.319736077,0.007391946
9/28/2007,0.061924523,0.1875,0.00046875,0.240484557,-0.04027801,0.061924523,0.029966301,0.025614494,0.04027801,1.061924523,5405.957784,5405.957784,0,0,0.003347,0.483137148,0.037409348,0.024515175,0.380157434,1.335682447,0.010839278
10/31/2007,0.023907291,0.164,0.00041,0.221668267,-0.04027801,0.061924523,0.029292689,0.025614494,0.04027801,1.023907291,5535.19959,5535.19959,0,0,0.003212,0.451840982,0.017286638,0.006620653,0.377032043,1.330903286,0.009944853
11/30/2007,-0.051976264,0.155,0.0003875,0.134254787,-0.051976264,0.061924523,0.035376085,0.045542224,0.051976264,0.948023736,5247.500595,5535.19959,-287.6989952,-0.051976264,0.003395,0.204032411,-0.04144765,-0.010528614,0.289246441,1.291457752,0.005588931
12/31/2007,0.015602988,0.174,0.000435,0.162205449,-0.051976264,0.061924523,0.034822376,0.045542224,0.051976264,1.015602988,5329.377284,5535.19959,-205.8223064,-0.037184261,0.002921,0.268396235,-0.006183375,0.021786363,0.595734844,1.268368024,0.007368677
1/31/2008,-0.104446032,0.1495,0.00037375,0.011837537,-0.104446032,0.061924523,0.04810434,0.07558766,0.104446032,0.895553968,4772.744974,5535.19959,-762.4546167,-0.137746545,0.00243,-0.032974885,-0.061253461,-0.043192571,0.174349696,1.375344955,-0.001153336
2/29/2008,0.012413395,0.144,0.00036,0.013206301,-0.104446032,0.061924523,0.048129153,0.07558766,0.104446032,1.012413395,4831.990942,5535.19959,-703.2086481,-0.127043052,0.001325,-0.026240381,-0.031502105,0.0439155,0.210258908,1.277829398,-0.000988338
3/31/2008,-0.031825675,0.149,0.0003725,-0.039369126,-0.104446032,0.061924523,0.048657509,0.07558766,0.104446032,0.968174325,4678.209569,5535.19959,-856.9900215,-0.154825496,0.001869,-0.112616069,-0.003484335,-0.02834134,0.059074428,1.300376762,-0.004213869
4/30/2008,0.083144603,0.141,0.0003525,-0.009521358,-0.104446032,0.083144603,0.052624145,0.07558766,0.104446032,1.083144603,5067.177446,5535.19959,-468.0221441,-0.084553797,0.001025,-0.047177617,0.048554311,0.034590292,0.145636828,1.322468353,-0.001877309
5/30/2008,0.052918023,0.153,0.0003825,-0.004917491,-0.104446032,0.083144603,0.053041504,0.07558766,0.104446032,1.052918023,5335.322459,5535.19959,-199.8771315,-0.036110194,0.000946,-0.034282479,0.012918499,0.039999524,0.214615291,1.327835023,-0.001369443
6/30/2008,-0.064418987,0.187,0.0004675,-0.056167463,-0.104446032,0.083144603,0.0562362,0.082431157,0.104446032,0.935581013,4991.626391,5535.19959,-543.5731996,-0.098202999,0.00175,-0.104402869,-0.082933754,0.018514767,0.259144845,1.203922833,-0.004876742
7/31/2008,-0.118048866,0.1655,0.00041375,-0.132650721,-0.118048866,0.083144603,0.064721398,0.110567307,0.118048866,0.881951134,4402.370556,5535.19959,-1132.829034,-0.204659112,0.00144,-0.187603465,-0.007419733,-0.110629133,-0.028067224,1.2310252,-0.00986329
8/29/2008,0.004942702,0.21,0.000525,-0.130941732,-0.118048866,0.083144603,0.064759394,0.110567307,0.118048866,1.004942702,4424.130162,5535.19959,-1111.069429,-0.200727979,0.001282,-0.181189027,0.014901244,-0.009958542,-0.024070588,1.232736261,-0.009518412
9/30/2008,-0.164411393,0.172,0.00043,-0.31617062,-0.164411393,0.083144603,0.074277368,0.138912003,0.164411393,0.835588607,3696.752759,5535.19959,-1838.446831,-0.332137406,0.00153,-0.40986376,-0.085592725,-0.078818668,-0.199695568,1.36692712,-0.022271561
10/31/2008,-0.195326718,0.1945,0.00048625,-0.462588814,-0.195326718,0.083144603,0.086213526,0.178323289,0.195326718,0.804673282,2974.678175,5535.19959,-2560.521415,-0.462588814,0.000792,-0.562689379,-0.167121367,-0.028205351,-0.259742787,1.275188934,-0.038042547
11/28/2008,-0.127058999,0.218,0.000545,-0.505151358,-0.195326718,0.083144603,0.089293958,0.178323289,0.195326718,0.872941001,2596.718544,5535.19959,-2938.481046,-0.530871742,0.000228,-0.610393071,-0.073635611,-0.053423388,-0.32422172,1.299365742,-0.041946937
12/31/2008,0.000222747,0.197,0.0004925,-0.512645321,-0.195326718,0.083144603,0.088324185,0.178323289,0.195326718,1.000222747,2597.296955,5535.19959,-2937.902635,-0.530767245,0.000029,-0.628877582,0.011912168,-0.011689421,-0.391235495,1.295232669,-0.042884264
1/30/2009,-0.056466504,0.215,0.0005375,-0.486535172,-0.195326718,0.083144603,0.086923881,0.178323289,0.195326718,0.943533496,2450.636676,5535.19959,-3084.562914,-0.557263178,0.000023,-0.590703292,-0.082734921,0.026268417,-0.266259046,1.215819494,-0.042231781
2/27/2009,-0.098313465,0.215,0.0005375,-0.542692418,-0.195326718,0.083144603,0.085524141,0.178323289,0.195326718,0.901686535,2209.706093,5535.19959,-3325.493497,-0.600790169,0.000147,-0.707113727,-0.103690425,0.00537696,-0.351808654,1.18498387,-0.051034698
3/31/2009,0.073042874,0.228,0.00057,-0.493158795,-0.195326718,0.083144603,0.093592293,0.178323289,0.195326718,1.073042874,2371.109377,5535.19959,-3164.090213,-0.571630736,0.000159,-0.551260653,0.087545913,-0.014503039,-0.328087801,1.152984103,-0.044748014
4/30/2009,0.158285492,0.228,0.00057,-0.457997747,-0.195326718,0.158285492,0.105167374,0.178323289,0.195326718,1.158285492,2746.421591,5535.19959,-2788.777999,-0.503826096,0.000125,-0.430333153,0.094107322,0.06417817,-0.255376107,1.207805475,-0.037470444
5/29/2009,0.078005262,0.2675,0.00066875,-0.445083788,-0.195326718,0.158285492,0.107504508,0.178323289,0.195326718,1.078005262,2960.656927,5535.19959,-2574.542663,-0.46512192,0.000017,-0.400810988,0.054558105,0.023447157,-0.291081423,1.213592083,-0.03550533
6/30/2009,0.008411012,0.237,0.0005925,-0.401886517,-0.195326718,0.158285492,0.108205768,0.178323289,0.195326718,1.008411012,2985.559048,5535.19959,-2549.640542,-0.460623054,0.000075,-0.340834308,0.002403792,0.00600722,-0.316712039,1.214315612,-0.030371213
7/31/2009,0.095476941,0.196,0.00049,-0.257079555,-0.195326718,0.158285492,0.111075702,0.178323289,0.195326718,1.095476941,3270.611093,5535.19959,-2264.588497,-0.409124994,0.000119,-0.170841481,0.074413529,0.021063412,-0.109933083,1.22301574,-0.015516021
8/31/2009,0.035180294,0.2,0.0005,-0.234725917,-0.195326718,0.158285492,0.111997461,0.178323289,0.195326718,1.035180294,3385.672153,5535.19959,-2149.527437,-0.388337837,0.000116,-0.146069127,0.03468832,0.000491974,-0.087129413,1.219810958,-0.013411399
9/30/2009,0.078666779,0.217,0.0005425,-0.012102698,-0.195326718,0.158285492,0.104458897,0.157779473,0.195326718,1.078666779,3652.012076,5535.19959,-1883.187514,-0.340220345,0.000079,0.038465461,0.036460774,0.042206005,0.213102832,1.238963698,0.003243081
10/30/2009,-0.051961588,0.213,0.0005325,0.163906656,-0.127058999,0.158285492,0.086163292,0.111248955,0.127058999,0.948038412,3462.247729,5535.19959,-2072.951861,-0.374503544,0.00004,0.186016806,-0.018324359,-0.033637229,0.195300947,1.24363056,0.012887927
11/30/2009,0.064560688,0.2465,0.00061625,0.41939635,-0.098313465,0.158285492,0.074131365,0.075297636,0.098313465,1.064560688,3685.772824,5535.19959,-1849.426766,-0.334121062,0.000004,0.43186571,0.060205096,0.004355592,0.42179704,1.237943412,0.025861274
12/31/2009,0.059485603,0.239,0.0005975,0.503495099,-0.098313465,0.158285492,0.07378844,0.075297636,0.098313465,1.059485603,3905.023243,5535.19959,-1630.176347,-0.294510852,0.000062,0.500764287,0.018921742,0.040563861,0.582341927,1.248707727,0.029591084
1/29/2010,-0.055909503,0.219,0.0005475,0.504382665,-0.098313465,0.158285492,0.073724426,0.074991286,0.098313465,0.944090497,3686.695335,5535.19959,-1848.504256,-0.3339544,0.000028,0.501823042,-0.035810459,-0.020099044,0.412069506,1.25114092,0.029570303
2/26/2010,0.044619092,0.193,0.0004825,0.742852746,-0.055909503,0.158285492,0.060160299,0.05373815,0.055909503,1.044619092,3851.192333,5535.19959,-1684.007257,-0.30423605,0.00001,0.813145538,0.030375365,0.014243727,0.439241855,1.257352048,0.03890643
3/31/2010,0.082531207,0.2115,0.00052875,0.758263843,-0.055909503,0.158285492,0.060566173,0.05373815,0.055909503,1.082531207,4169.035885,5535.19959,-1366.163706,-0.246813811,0.000068,0.820876645,0.060928165,0.021603042,0.571135433,1.259272736,0.039481008
4/30/2010,0.020629584,0.223,0.0005575,0.549303783,-0.055909503,0.095476941,0.050315263,0.05373815,0.055909503,1.020629584,4255.041361,5535.19959,-1280.15823,-0.231275893,0.000111,0.760150995,0.015915976,0.004713608,0.469922777,1.261526214,0.030318195
5/28/2010,-0.077631895,0.225,0.0005625,0.325622837,-0.077631895,0.095476941,0.058539401,0.065684579,0.077631895,0.922368105,3924.714436,5535.19959,-1610.485154,-0.290953402,0.000112,0.431666832,-0.080163706,0.002531811,0.396598769,1.246497194,0.020272423
6/30/2010,-0.076159868,0.2355,0.00058875,0.214448833,-0.077631895,0.095476941,0.065445871,0.07682228,0.077631895,0.923840132,3625.808703,5535.19959,-1909.390887,-0.344954298,0.000127,0.278361505,-0.05358648,-0.022573388,0.265779345,1.251074836,0.014561568
7/30/2010,0.080246434,0.2275,0.00056875,0.19756425,-0.077631895,0.082531207,0.063943332,0.07682228,0.077631895,1.080246434,3916.766922,5535.19959,-1618.432668,-0.292389216,0.000142,0.265023501,0.070394502,0.009851932,0.230370424,1.245478903,0.013606401
8/31/2010,-0.054371223,0.212,0.00053,0.0939652,-0.077631895,0.082531207,0.066793521,0.07682228,0.077631895,0.945628777,3703.807514,5535.19959,-1831.392076,-0.33086288,0.000126,0.141975236,-0.04549788,-0.008873343,0.194012364,1.247665301,0.007600617
9/30/2010,0.102452513,0.2575,0.00064375,0.11808828,-0.077631895,0.102452513,0.069335352,0.07682228,0.077631895,1.102452513,4083.271902,5535.19959,-1451.927689,-0.2623081,0.000125,0.165302932,0.090326138,0.012126375,0.100231568,1.235565898,0.009276184
10/29/2010,0.040883272,0.2465,0.00061625,0.227586744,-0.077631895,0.102452513,0.066736496,0.07682228,0.077631895,1.040883272,4250.209417,5535.19959,-1284.990173,-0.232148842,0.000112,0.2875849,0.038673576,0.002209696,0.291941184,1.233039928,0.015565115
11/30/2010,0.027404859,0.245,0.0006125,0.184740898,-0.077631895,0.102452513,0.065290843,0.07682228,0.077631895,1.027404859,4366.685807,5535.19959,-1168.513783,-0.211105989,0.000114,0.246388652,-0.000109087,0.027513946,0.377945305,1.233069862,0.013046238
12/31/2010,0.072939458,0.236,0.00059,0.199785305,-0.077631895,0.102452513,0.066211073,0.07682228,0.077631895,1.072939458,4685.189503,5535.19959,-850.0100871,-0.153564487,0.00014,0.259799104,0.066997018,0.00594244,0.27028763,1.228887988,0.013997677
1/31/2011,0.024752485,0.248,0.00062,0.302293558,-0.077631895,0.102452513,0.062067576,0.07682228,0.077631895,1.024752485,4801.159586,5535.19959,-734.0400042,-0.132613105,0.000066,0.385390321,0.023289437,0.001463048,0.447120945,1.214676168,0.019692692
2/28/2011,0.030314633,0.2155,0.00053875,0.284460642,-0.077631895,0.102452513,0.061772755,0.07682228,0.077631895,1.030314633,4946.704977,5535.19959,-588.4946134,-0.10631859,0.000122,0.36778142,0.03246051,-0.002145877,0.346034203,1.225326638,0.018541074
3/31/2011,0.007519194,0.236,0.00059,0.1954563,-0.077631895,0.102452513,0.058911556,0.07682228,0.077631895,1.007519194,4983.900211,5535.19959,-551.299379,-0.099598826,0.000067,0.279536902,0.000574349,0.006944845,0.275917485,1.223661268,0.013457935
4/29/2011,0.021563396,0.2375,0.00059375,0.196550067,-0.077631895,0.102452513,0.058918006,0.07682228,0.077631895,1.021563396,5091.370025,5535.19959,-443.8295651,-0.080183119,0.000053,0.280909116,0.029393751,-0.007830355,0.182562567,1.213190771,0.013642211
5/31/2011,-0.009807586,0.2275,0.00056875,0.284535743,-0.076159868,0.102452513,0.051883566,0.064176113,0.076159868,0.990192414,5041.435976,5535.19959,-493.7636145,-0.089204302,0.000013,0.428090867,-0.011359458,0.001551872,0.17595751,1.209888705,0.018357788
6/30/2011,-0.023445698,0.231,0.0005775,0.357831147,-0.054371223,0.102452513,0.044493613,0.037362184,0.054371223,0.976554302,4923.23599,5535.19959,-611.9635998,-0.110558543,0.000035,0.598094714,-0.016585472,-0.006860226,0.343006431,1.235563608,0.021537859
7/29/2011,-0.028197898,0.227,0.0005675,0.221520499,-0.054371223,0.102452513,0.043634824,0.039975894,0.054371223,0.971802102,4784.411084,5535.19959,-750.7885061,-0.135638922,-0.000028,0.403084784,-0.019891832,-0.008306066,0.188535497,1.226123508,0.01434483
8/31/2011,-0.065871672,0.2495,0.00062375,0.206664739,-0.065871672,0.102452513,0.045449438,0.045151096,0.065871672,0.934128328,4469.253926,5535.19959,-1065.945664,-0.192575832,0.000083,0.365983541,-0.054393754,-0.011477918,0.163660649,1.227036044,0.013556037
9/30/2011,-0.126837729,0.213,0.0005325,-0.044299767,-0.126837729,0.072939458,0.05359331,0.093306398,0.126837729,0.873162271,3902.383908,5535.19959,-1632.815682,-0.294987679,-0.000001,-0.045962338,-0.070322081,-0.056515648,-0.203354544,1.209382434,-0.002036803
10/31/2011,0.132738409,0.2095,0.00052375,0.040038197,-0.126837729,0.132738409,0.065560693,0.093306398,0.126837729,1.132738409,4420.380139,5535.19959,-1114.819451,-0.201405466,0.000014,0.079308002,0.108941683,0.023796726,-0.102741552,1.218256075,0.004267976
11/30/2011,-0.013060038,0.226,0.000565,-0.000924271,-0.126837729,0.132738409,0.065358246,0.093306398,0.126837729,0.986939962,4362.649807,5535.19959,-1172.549783,-0.211835141,0.000004,0.028100196,-0.002777682,-0.010282356,-0.280943839,1.18808787,0.001545828
12/30/2011,-0.019755717,0.2035,0.00050875,-0.087238087,-0.126837729,0.132738409,0.061564492,0.093306398,0.126837729,0.980244283,4276.462532,5535.19959,-1258.737058,-0.227405903,0,-0.095450341,0.009369314,-0.029125031,-0.417951004,1.188974979,-0.004942368
1/31/2012,0.077959691,0.198,0.000495,-0.039845657,-0.126837729,0.132738409,0.065742402,0.093306398,0.126837729,1.077959691,4609.854229,5535.19959,-925.3453609,-0.167174705,-0.000002,-0.021854256,0.045133156,0.032826535,-0.245165838,1.237717325,-0.001160807
2/29/2012,0.043525103,0.235,0.0005875,-0.027534767,-0.126837729,0.132738409,0.066428895,0.093306398,0.126837729,1.043525103,4810.49861,5535.19959,-724.7009807,-0.130925899,0.000031,-0.004942057,0.043286235,0.000238868,-0.236049967,1.2801608,-0.000256449
3/30/2012,0.016712802,0.208,0.00052,-0.018661026,-0.126837729,0.132738409,0.066580191,0.093306398,0.126837729,1.016712802,4890.89552,5535.19959,-644.3040699,-0.116401235,0.000046,0.006602393,0.032804529,-0.016091727,-0.321976956,1.309347506,0.000335731
4/30/2012,-0.010371971,0.2485,0.00062125,-0.049338926,-0.126837729,0.132738409,0.066297638,0.093306398,0.126837729,0.989628029,4840.167294,5535.19959,-695.0322964,-0.125565896,0.000029,-0.03348071,-0.006081022,-0.004290949,-0.308821656,1.268811046,-0.001749427
5/31/2012,-0.086823524,0.214,0.000535,-0.123280166,-0.126837729,0.132738409,0.070683652,0.104829916,0.126837729,0.913176476,4419.926913,5535.19959,-1115.272678,-0.201487346,0.000065,-0.122263352,-0.059857882,-0.026965642,-0.404091182,1.270799132,-0.006800461
6/29/2012,0.02819722,0.2045,0.00051125,-0.076916773,-0.126837729,0.132738409,0.071268583,0.104829916,0.126837729,1.02819722,4544.556564,5535.19959,-990.6430261,-0.17897151,0.000022,-0.060859359,0.0414212,-0.01322398,-0.42667583,1.264121511,-0.003431126
7/31/2012,-0.001820671,0.2015,0.00050375,-0.051861903,-0.126837729,0.132738409,0.070870685,0.104829916,0.126837729,0.998179329,4536.282422,5535.19959,-998.9171684,-0.180466332,0.000032,-0.030255925,0.014314332,-0.016135003,-0.453497156,1.259266214,-0.001702784
8/31/2012,0.038396477,0.214,0.000535,0.053970028,-0.126837729,0.132738409,0.06870223,0.104829916,0.126837729,1.038396477,4710.459686,5535.19959,-824.7399048,-0.148999127,0.00005,0.095302646,0.022694296,0.015702181,-0.339308192,1.262841478,0.00518474
9/28/2012,0.025562021,0.255,0.0006375,0.237927551,-0.086823524,0.132738409,0.054395064,0.04993623,0.086823524,1.025562021,4830.868555,5535.19959,-704.3310354,-0.127245824,0.000067,0.353741967,0.025078072,0.000483949,-0.185219247,1.249551901,0.015398974
10/31/2012,-0.008174944,0.2325,0.00058125,0.083928604,-0.086823524,0.077959691,0.041309198,0.04993623,0.086823524,0.991825056,4791.376475,5535.19959,-743.8231153,-0.134380541,0.000037,0.181487928,-0.017896417,0.009721473,-0.265419514,1.231625526,0.006087176
11/30/2012,0.009648731,0.2525,0.00063125,0.108869011,-0.086823524,0.077959691,0.040797242,0.04993623,0.086823524,1.009648731,4837.607178,5535.19959,-697.5924125,-0.126028412,0.000085,0.229985352,0.00527967,0.004369061,-0.196396047,1.235817025,0.00759236
12/31/2012,0.026754211,0.2585,0.00064625,0.161481833,-0.086823524,0.077959691,0.03997435,0.04477517,0.086823524,1.026754211,4967.033541,5535.19959,-568.1660494,-0.102645991,0.000103,0.331462859,0.008460534,0.018293677,0.024040686,1.230153782,0.010771021
1/31/2013,0.069902954,0.222,0.000555,0.152800847,-0.086823524,0.069902954,0.038841166,0.04477517,0.086823524,1.069902954,5314.243858,5535.19959,-220.9557322,-0.039918295,0.000022,0.323796087,0.052306,0.017596954,-0.057689246,1.229544836,0.010228677
2/28/2013,-0.005060216,0.238,0.000595,0.099127776,-0.086823524,0.069902954,0.037846947,0.04477517,0.086823524,0.994939784,5287.352636,5535.19959,-247.846954,-0.044776516,0.000054,0.225273765,0.012972678,-0.018032894,-0.151936369,1.226322287,0.006952434
3/28/2013,0.032806295,0.236,0.00059,0.116525811,-0.086823524,0.069902954,0.038441918,0.04477517,0.086823524,1.032806295,5460.811087,5535.19959,-74.38850369,-0.013439173,0.000041,0.256685041,0.037539861,-0.004733566,-0.094999227,1.213802391,0.008129384
4/30/2013,0.015635974,0.233,0.0005825,0.145868696,-0.086823524,0.069902954,0.037923648,0.043566805,0.086823524,1.015635974,5546.196187,5546.196187,0,0,0.000037,0.317325154,0.0195728,-0.003936826,-0.093080419,1.212871235,0.009922016
5/31/2013,0.039677773,0.225,0.0005625,0.304604581,-0.008174944,0.069902954,0.022289531,0.006461844,0.008174944,1.039677773,5766.2569,5766.2569,0,0,0.000012,1.013045952,0.023061018,0.016616755,0.164341129,1.25452738,0.017999064
6/28/2013,-0.012098275,0.2365,0.00059125,0.253476562,-0.012098275,0.069902954,0.024317173,0.009940443,0.012098275,0.987901725,5696.495138,5766.2569,-69.7617617,-0.012098275,0.000013,0.790515854,-0.01364622,0.001547945,0.273118395,1.244332606,0.015448531
7/31/2013,0.063552379,0.234,0.000585,0.335569613,-0.012098275,0.069902954,0.026396721,0.009940443,0.012098275,1.063552379,6058.520956,6058.520956,0,0,0.000009,0.934691154,0.050622297,0.012930082,0.521456017,1.250900955,0.019724009
8/30/2013,-0.024665353,0.224,0.00056,0.254460455,-0.024665353,0.069902954,0.029518466,0.01775346,0.024665353,0.975334647,5909.085398,6058.520956,-149.435558,-0.024665353,0.000009,0.65792869,-0.029249128,0.004583775,0.456784516,1.244896096,0.015600536
9/30/2013,0.056374321,0.218,0.000545,0.292149849,-0.024665353,0.069902954,0.031378834,0.01775346,0.024665353,1.056374321,6242.206075,6242.206075,0,0,0.000008,0.700907305,0.03161592,0.024758401,0.575448596,1.263542947,0.017406337
10/31/2013,0.045869032,0.2215,0.00055375,0.36255835,-0.024665353,0.069902954,0.030516112,0.01775346,0.024665353,1.045869032,6528.530026,6528.530026,0,0,0.000017,0.868360479,0.046220349,-0.000351317,0.500407851,1.259485002,0.02103954
11/29/2013,0.030647739,0.198,0.000495,0.390897289,-0.024665353,0.069902954,0.030058524,0.01775346,0.024665353,1.030647739,6728.61471,6728.61471,0,0,0.000032,0.939943675,0.030770749,-0.00012301,0.465076144,1.267760473,0.022286008
12/31/2013,0.027367927,0.2,0.0005,0.391728662,-0.024665353,0.069902954,0.030056208,0.01775346,0.024665353,1.027367927,6912.762946,6912.762946,0,0,0.000023,0.94193948,0.025909344,0.001458583,0.370061373,1.276582036,0.022177289
1/31/2014,-0.022590179,0.242,0.000605,0.27141369,-0.024665353,0.063552379,0.030285836,0.023524007,0.024665353,0.977409821,6756.602394,6912.762946,-156.1605523,-0.022590179,0.000012,0.680324667,-0.034727263,0.012137084,0.344947679,1.249209462,0.016493792
2/28/2014,0.064660798,0.208,0.00052,0.360508782,-0.024665353,0.064660798,0.031570533,0.023524007,0.024665353,1.064660798,7193.489696,7193.489696,0,0,0.000045,0.836699067,0.045714381,0.018946417,0.718332806,1.260548287,0.020955196
3/31/2014,-0.009231341,0.202,0.000505,0.305132887,-0.024665353,0.064660798,0.033094966,0.023524007,0.024665353,0.990768659,7127.08414,7193.489696,-66.40555637,-0.009231341,0.000028,0.692340429,0.007999402,-0.017230743,0.513106382,1.264553975,0.018119419
4/30/2014,-0.014463336,0.2095,0.00052375,0.266454069,-0.024665353,0.064660798,0.034795259,0.023524007,0.024665353,0.985536664,7024.002727,7193.489696,-169.486969,-0.023561161,0.000015,0.586474739,0.006493574,-0.02095691,0.329291558,1.271143582,0.016053686
5/30/2014,0.038729534,0.2985,0.00074625,0.265298998,-0.024665353,0.064660798,0.034748607,0.023524007,0.024665353,1.038729534,7296.03908,7296.03908,0,0,0.000008,0.584997663,0.02327085,0.015458684,0.324366797,1.279310576,0.015889694
6/30/2014,0.028482052,0.238,0.000595,0.317274054,-0.024665353,0.064660798,0.033246255,0.023524007,0.024665353,1.028482052,7503.845244,7503.845244,0,0,0.00002,0.713131882,0.020578469,0.007903583,0.363112882,1.281875771,0.018495524
7/31/2014,-0.022646093,0.1765,0.00044125,0.210512024,-0.024665353,0.064660798,0.033171465,0.02355476,0.024665353,0.977353907,7333.912467,7503.845244,-169.9327773,-0.022646093,0.000013,0.498181943,-0.014022113,-0.00862398,0.227098946,1.283407873,0.012876207
8/29/2014,0.049308078,0.216,0.00054,0.302322284,-0.022646093,0.064660798,0.031655802,0.02261534,0.022646093,1.049308078,7695.533595,7695.533595,0,0,0.000003,0.716784158,0.039741341,0.009566737,0.254716124,1.299987009,0.017454311
9/30/2014,-0.027229975,0.204,0.00051,0.199253007,-0.027229975,0.064660798,0.032754,0.02470884,0.027229975,0.972770025,7485.984408,7695.533595,-209.5491874,-0.027229975,0.000004,0.480053927,-0.013972232,-0.013257743,0.031361306,1.221382717,0.012873677
10/31/2014,0.034306234,0.213,0.0005325,0.185994444,-0.027229975,0.064660798,0.031947288,0.02470884,0.027229975,1.034306234,7742.80034,7742.80034,0,0,0.000012,0.462027841,0.023919591,0.010386643,0.097424216,1.215276347,0.012145827
11/28/2014,0.023946989,0.231,0.0005775,0.178283709,-0.027229975,0.064660798,0.031702319,0.02470884,0.027229975,1.023946989,7928.217095,7928.217095,0,0,-0.000001,0.448071025,0.027576936,-0.003629947,0.075209928,1.206134195,0.011777206
12/31/2014,0.000172392,0.2365,0.00059125,0.147093271,-0.027229975,0.064660798,0.031648991,0.02470884,0.027229975,1.000172392,7929.583856,7929.583856,0,0,0.000005,0.37726625,-0.002518711,0.002691103,0.082782478,1.194185423,0.009998528
1/30/2015,-0.019871389,0.1995,0.00049875,0.150284057,-0.027229975,0.064660798,0.031387874,0.02470884,0.027229975,0.980128611,7772.012011,7929.583856,-157.5718454,-0.019871389,0.000013,0.387620342,-0.029498415,0.009627026,0.068114953,1.135044844,0.010719029
2/27/2015,0.059816286,0.22,0.00055,0.145049934,-0.027229975,0.059816286,0.030674559,0.02470884,0.027229975,1.059816286,8236.904904,8236.904904,0,0,-0.000021,0.383652436,0.056926653,0.002889633,-0.035693585,1.133695547,0.010380538
3/31/2015,-0.008160694,0.2375,0.00059375,0.146287301,-0.027229975,0.059816286,0.030609388,0.02470884,0.027229975,0.991839306,8169.686043,8236.904904,-67.21886043,-0.008160694,-0.000008,0.387482101,-0.015038271,0.006877577,0.143532252,1.138778666,0.010415184
4/30/2015,-0.005387502,0.2005,0.00050125,0.156843492,-0.027229975,0.059816286,0.030005861,0.02470884,0.027229975,0.994612498,8125.671844,8236.904904,-111.2330603,-0.01350423,0.000029,0.420442612,0.009046766,-0.014434268,0.21466931,1.138687971,0.011079192
5/29/2015,0.029801276,0.228,0.00057,0.146900002,-0.027229975,0.059816286,0.029404318,0.02470884,0.027229975,1.029801276,8367.827233,8367.827233,0,0,-0.000005,0.403777586,0.012481927,0.017319349,0.224898642,1.069588973,0.011100343
6/30/2015,-0.012518048,0.2065,0.00051625,0.101179209,-0.027229975,0.059816286,0.029680347,0.02470884,0.027229975,0.987481952,8263.07837,8367.827233,-104.748863,-0.012518048,0.000004,0.284951616,-0.019391928,0.00687388,0.217447534,1.083448411,0.00780606
7/31/2015,0.021948414,0.1865,0.00046625,0.151423592,-0.027229975,0.059816286,0.028185503,0.023182753,0.027229975,1.021948414,8444.439835,8444.439835,0,0,-0.000037,0.432060358,0.021224227,0.000724187,0.312354343,1.082673881,0.011247929
8/31/2015,-0.054640948,0.2175,0.00054375,0.037358559,-0.054640948,0.059816286,0.031513719,0.039564913,0.054640948,0.945359052,7983.027637,8444.439835,-461.4121979,-0.054640948,0.000027,0.111488575,-0.060115052,0.005474104,0.282015626,1.057637294,0.003321951
9/30/2015,-0.042557227,0.239,0.0005975,0.02101363,-0.054640948,0.059816286,0.033141688,0.047994901,0.054640948,0.957442773,7643.292118,8444.439835,-801.1477172,-0.094872808,-0.000006,0.067497525,-0.024602176,-0.017955051,0.221201182,1.084370186,0.002062932
10/30/2015,0.065993199,0.222,0.000555,0.052293364,-0.054640948,0.065993199,0.036970221,0.047994901,0.054640948,1.065993199,8147.697415,8444.439835,-296.7424195,-0.035140569,-0.000027,0.132020103,0.083395168,-0.017401969,-0.007026356,1.03378208,0.004721316
11/30/2015,-0.008574349,0.216,0.00054,0.018871723,-0.054640948,0.065993199,0.036635811,0.047994901,0.054640948,0.991425651,8077.836214,8444.439835,-366.6036207,-0.04341361,0.00002,0.059203026,0.003328721,-0.01190307,-0.065746813,1.038524022,0.002088494
12/31/2015,-0.005757693,0.1985,0.00049625,0.012830769,-0.054640948,0.065993199,0.036705112,0.047994901,0.054640948,0.994242307,8031.326513,8444.439835,-413.1133217,-0.048921341,0.000103,0.045405403,-0.015314632,0.009556939,-0.016289151,1.033224488,0.001613019
1/29/2016,-0.079402228,0.26,0.00065,-0.048686327,-0.079402228,0.065993199,0.043310481,0.065783524,0.079402228,0.920597772,7393.621294,8444.439835,-1050.818541,-0.124439106,0.000037,-0.076108433,-0.049178891,-0.030223337,-0.245085655,1.065823978,-0.003092718
2/29/2016,0.015056175,0.214,0.000535,-0.088863956,-0.079402228,0.065993199,0.039105103,0.065783524,0.079402228,1.015056175,7504.94095,8444.439835,-939.4988845,-0.111256508,0.000205,-0.180158977,-0.00179671,0.016852885,-0.152403566,1.062622943,-0.006629949
3/31/2016,0.06336114,0.2085,0.00052125,-0.023161659,-0.079402228,0.065993199,0.044052388,0.065783524,0.079402228,1.06336114,7980.462565,8444.439835,-463.9772703,-0.054944707,0.00019,-0.025003925,0.067292431,-0.003931291,-0.214554343,1.054581085,-0.001044474
4/29/2016,0.02646966,0.2135,0.00053375,0.008126202,-0.079402228,0.065993199,0.044722477,0.065783524,0.079402228,1.02646966,8191.702695,8444.439835,-252.7371396,-0.029929414,0.000051,0.034690556,0.00367976,0.0227899,-0.009250947,1.052870129,0.001473541
5/31/2016,0.020501597,0.246,0.000615,-0.000977739,-0.079402228,0.065993199,0.044267594,0.065783524,0.079402228,1.020501597,8359.645683,8444.439835,-84.79415215,-0.010041418,0.000115,0.01731457,0.018444069,0.002057528,-0.091762154,1.047625486,0.00073163
6/30/2016,-0.010623517,0.214,0.000535,0.000938933,-0.079402228,0.065993199,0.044219039,0.065783524,0.079402228,0.989376483,8270.836845,8444.439835,-173.6029902,-0.02055826,0.000188,0.020557176,0.002609739,-0.013233256,-0.198375975,1.05106419,0.000864855
7/29/2016,0.048263169,0.192,0.00048,0.026712702,-0.079402228,0.065993199,0.04597115,0.065783524,0.079402228,1.048263169,8670.013641,8670.013641,0,0,0.000171,0.067098201,0.036516217,0.011746952,-0.134759309,1.046854207,0.002946524
8/31/2016,-0.003907957,0.234,0.000585,0.081811562,-0.079402228,0.065993199,0.042361973,0.059137477,0.079402228,0.996092043,8636.131601,8670.013641,-33.8820405,-0.003907957,0.000165,0.172343972,0.001200178,-0.005108135,-0.191232479,1.054309149,0.006924753
9/30/2016,0.00268976,0.253,0.0006325,0.13293599,-0.079402228,0.065993199,0.039422644,0.041573937,0.079402228,1.00268976,8659.360722,8670.013641,-10.65291916,-0.001228708,0.000219,0.280363313,0.000398225,0.002291535,-0.089565894,1.038921222,0.010638596
10/31/2016,-0.02297518,0.221,0.0005525,0.038380529,-0.079402228,0.06336114,0.03642766,0.048367352,0.079402228,0.97702482,8460.410351,8670.013641,-209.6032904,-0.024175659,0.000168,0.09944041,-0.017999281,-0.004975899,-0.023320108,1.044848344,0.003466897
11/30/2016,0.053878974,0.238,0.000595,0.103791702,-0.079402228,0.06336114,0.038884048,0.048367352,0.079402228,1.053878974,8916.24858,8916.24858,0,0,0.000136,0.226755154,0.035727236,0.018151738,0.144444562,1.059909624,0.008318783
12/30/2016,0.014022293,0.239,0.0005975,0.125751122,-0.079402228,0.06336114,0.038621663,0.048367352,0.079402228,1.014022293,9041.27483,9041.27483,0,0,0.000239,0.270681173,0.019165599,-0.005143306,0.06294533,1.057853189,0.009882427
1/31/2017,0.044491709,0.287,0.0007175,0.277254572,-0.02297518,0.06336114,0.027260197,0.016181765,0.02297518,1.044491709,9443.536599,9443.536599,0,0,0.000358,0.761252823,0.01933128,0.025160429,0.432927299,1.085274783,0.019121334
2/28/2017,0.02554535,0.277,0.0006925,0.290453197,-0.02297518,0.06336114,0.027222675,0.016181765,0.02297518,1.02554535,9684.775046,9684.775046,0,0,0.000364,0.793924551,0.039413845,-0.013868495,0.223108484,1.050508324,0.020573611
3/31/2017,0.005080678,0.234,0.000585,0.219726324,-0.02297518,0.053878974,0.024162531,0.016181765,0.02297518,1.005080678,9733.98027,9733.98027,0,0,0.000353,0.692910077,0.001626415,0.003454263,0.272580307,1.049315461,0.015955603
4/28/2017,0.015239092,0.22,0.00055,0.206381342,-0.02297518,0.053878974,0.023977202,0.016181765,0.02297518,1.015239092,9882.317291,9882.317291,0,0,0.000537,0.657544648,0.010549642,0.00468945,0.177892934,1.048004553,0.015043905
5/31/2017,0.038536303,0.223,0.0005575,0.227700988,-0.02297518,0.053878974,0.024833748,0.016181765,0.02297518,1.038536303,10263.14526,10263.14526,0,0,0.000614,0.693708796,0.014498953,0.02403735,0.293443329,1.045859407,0.016471994
6/30/2017,0.009649627,0.212,0.00053,0.252857599,-0.02297518,0.053878974,0.023392886,0.012488207,0.02297518,1.009649627,10362.18079,10362.18079,0,0,0.000617,0.807128627,0.005746835,0.003902792,0.436789585,1.043317981,0.018097137
7/31/2017,0.024372309,0.209,0.0005225,0.224303848,-0.02297518,0.053878974,0.021646902,0.012488207,0.02297518,1.024372309,10614.73106,10614.73106,0,0,0.000722,0.77813658,0.020653408,0.003718901,0.387399026,1.036911226,0.016244637
8/31/2017,0.01143225,0.207,0.0005175,0.243158606,-0.02297518,0.053878974,0.020718926,0.008859463,0.02297518,1.01143225,10736.08132,10736.08132,0,0,0.000827,0.872025413,0.002191796,0.009240454,0.500676143,1.028273375,0.017570649
9/29/2017,0.024372229,0.204,0.00051,0.270041046,-0.02297518,0.053878974,0.020152798,0.007544458,0.02297518,1.024372229,10997.74355,10997.74355,0,0,0.000944,0.983182872,0.019991004,0.004381225,0.517361887,1.017653765,0.019470164
10/31/2017,0.027137093,0.2465,0.00061625,0.335182322,0.005080678,0.053878974,0.014868642,-0.0075936,-0.005080678,1.027137093,11296.19034,11296.19034,0,0,0.00084,1.609690328,0.024068694,0.003068399,0.598479416,1.013914093,0.02360546
11/30/2017,0.017629973,0.194,0.000485,0.28925767,0.005080678,0.044491709,0.011696748,-0.0075936,-0.005080678,1.017629973,11495.34187,11495.34187,0,0,0.000826,1.783030575,0.031344186,-0.013714213,0.338577541,1.005332996,0.020745026
12/29/2017,0.005035372,0.207,0.0005175,0.277831435,0.005035372,0.044491709,0.012477816,-0.00506029,-0.005035372,1.005035372,11553.22519,11553.22519,0,0,0.000884,1.607092003,0.011110657,-0.006075285,0.330271839,1.005271989,0.019947834
1/31/2018,0.08047805,0.196,0.00049,0.321857135,0.005035372,0.08047805,0.020474763,-0.00506029,-0.005035372,1.08047805,12483.00623,12483.00623,0,0,0.001121,1.122761585,0.058000509,0.022477541,0.322689753,1.048652778,0.021921724
2/28/2018,-0.019881067,0.2055,0.00051375,0.26330562,-0.019881067,0.08047805,0.024000258,0.006177026,0.019881067,0.980118933,12234.83075,12483.00623,-248.1754832,-0.019881067,0.001073,0.797643902,-0.037720182,0.017839115,0.588390521,1.02192893,0.018732867
3/29/2018,-0.017587053,0.203,0.0005075,0.234814104,-0.019881067,0.08047805,0.026076895,0.018619359,0.019881067,0.982412947,12019.65613,12483.00623,-463.3501,-0.037118471,0.000261,0.661978664,-0.02550675,0.007919697,0.624461522,1.018838982,0.016943156
4/30/2018,-0.012588485,0.2075,0.00051875,0.200968004,-0.019881067,0.08047805,0.027544133,0.018619359,0.019881067,0.987411515,11868.34687,12483.00623,-614.6593609,-0.04923969,0.001433,0.539814305,0.003713744,-0.016302229,0.394870439,1.022079904,0.014547509
5/31/2018,0.054067889,0.2225,0.00055625,0.218928799,-0.019881067,0.08047805,0.029038351,0.018619359,0.019881067,1.054067889,12510.04333,12510.04333,0,0,0.001401,0.554350768,0.023742671,0.030325218,0.405881572,1.033642189,0.015573505
6/29/2018,0.007003945,0.199,0.0004975,0.215734723,-0.019881067,0.08047805,0.029109271,0.018619359,0.019881067,1.007003945,12597.66299,12597.66299,0,0,0.001408,0.543161735,0.006788006,0.000215939,0.381202406,1.03888689,0.015219214
7/31/2018,0.013823453,0.2,0.0005,0.203215241,-0.019881067,0.08047805,0.029018597,0.018619359,0.019881067,1.013823453,12771.80619,12771.80619,0,0,0.001558,0.512164803,0.03709291,-0.023269457,0.187144705,1.016058463,0.01462741
8/31/2018,0.029767817,0.2,0.0005,0.225027511,-0.019881067,0.08047805,0.029243228,0.018619359,0.019881067,1.029767817,13151.99498,13151.99498,0,0,0.001575,0.558349254,0.032879418,-0.003111601,0.123428344,1.02536093,0.015924085
9/28/2018,0.006765308,0.1935,0.00048375,0.203971725,-0.019881067,0.08047805,0.029305335,0.018619359,0.019881067,1.006765308,13240.97227,13240.97227,0,0,0.00149,0.505545882,0.005087795,0.001677513,0.109501481,0.996206877,0.014871601
10/31/2018,-0.130784449,0.225,0.0005625,0.018861994,-0.130784449,0.08047805,0.051151334,0.069787589,0.130784449,0.869215551,11509.25901,13240.97227,-1731.713263,-0.130784449,0.00189,0.030645589,-0.068491887,-0.062292562,-0.151121361,1.248303848,0.001255754
11/30/2018,0.0073079,0.2265,0.00056625,0.008527424,-0.130784449,0.08047805,0.050965932,0.069787589,0.130784449,1.0073079,11593.36752,13240.97227,-1647.604749,-0.124432309,0.001795,0.012295272,0.019682776,-0.012374876,-0.146835516,1.23939635,0.000505601
12/31/2018,-0.09692819,0.2295,0.00057375,-0.093790416,-0.130784449,0.08047805,0.058367124,0.112163507,0.130784449,0.90307181,10469.64339,13240.97227,-2771.328879,-0.2092995,0.00193,-0.136335144,-0.090703763,-0.006224427,-0.147336538,1.201298926,-0.006624072
1/31/2019,0.104484419,0.2,0.0005,-0.073655994,-0.130784449,0.104484419,0.061924064,0.112163507,0.130784449,1.104484419,11563.558,13240.97227,-1677.414272,-0.126683618,0.00192,-0.097273053,0.081346173,0.023138246,-0.144694143,1.184641529,-0.005084697
2/28/2019,0.021738303,0.2155,0.00053875,-0.0343201,-0.130784449,0.104484419,0.062152171,0.112163507,0.130784449,1.021738303,11814.93013,13240.97227,-1426.042144,-0.107699202,0.001809,-0.042099821,0.031659317,-0.009921014,-0.248545361,1.183152686,-0.002211545
3/29/2019,0.012295832,0.217,0.0005425,-0.004946198,-0.130784449,0.104484419,0.062029081,0.112163507,0.130784449,1.012295832,11960.20452,13240.97227,-1280.767748,-0.096727621,0.001935,-0.004285971,0.019476512,-0.00718068,-0.307251467,1.205945569,-0.000220453
4/30/2019,0.02928714,0.23,0.000575,0.037253532,-0.130784449,0.104484419,0.062346894,0.112163507,0.130784449,1.02928714,12310.48471,13240.97227,-930.4875641,-0.070273356,0.002125,0.050782224,0.040565838,-0.011278698,-0.290875075,1.196381585,0.002646408
5/31/2019,-0.066926081,0.248,0.00062,-0.081810358,-0.130784449,0.104484419,0.063446916,0.112163507,0.130784449,0.933073919,11486.59221,13240.97227,-1754.380061,-0.132496317,0.001983,-0.109780228,-0.063253877,-0.003672204,-0.478199489,1.176175535,-0.00592192
6/28/2019,0.074061004,0.224,0.00056,-0.020667502,-0.130784449,0.104484419,0.067444685,0.112163507,0.130784449,1.074061004,12337.30076,13240.97227,-903.6715091,-0.068248123,0.001853,-0.020968472,0.069517718,0.004543286,-0.454836525,1.165786102,-0.001213097
7/31/2019,0.003263546,0.221,0.0005525,-0.030868154,-0.130784449,0.104484419,0.067322509,0.112163507,0.130784449,1.003263546,12377.56411,13240.97227,-863.4081606,-0.065207308,0.001783,-0.034356329,0.014553004,-0.011289458,-0.414990831,1.160589268,-0.001992914
8/30/2019,-0.028967786,0.216,0.00054,-0.086145219,-0.130784449,0.104484419,0.067058701,0.112163507,0.130784449,0.971032214,12019.01348,13240.97227,-1221.958789,-0.092286183,0.001908,-0.107895587,-0.016151749,-0.012816037,-0.456722102,1.164974642,-0.006210726
9/30/2019,0.014786066,0.2445,0.00061125,-0.078864666,-0.130784449,0.104484419,0.067230373,0.112163507,0.130784449,1.014786066,12196.72741,13240.97227,-1044.244862,-0.078864666,0.001787,-0.09804633,0.018741326,-0.00395526,-0.485839133,1.165201685,-0.005657125
10/31/2019,0.037751073,0.2435,0.00060875,0.09973778,-0.09692819,0.104484419,0.054984661,0.08042703,0.09692819,1.037751073,12657.16696,13240.97227,-583.8053155,-0.044090819,0.001531,0.136089811,0.021569056,0.016182017,-0.248147654,1.168772679,0.006402316
11/29/2019,0.03421829,0.2415,0.00060375,0.129117449,-0.09692819,0.104484419,0.05544085,0.08042703,0.09692819,1.03421829,13090.27357,13240.97227,-150.698706,-0.011381242,0.001197,0.176317966,0.036159781,-0.001941491,-0.179791347,1.157622761,0.008444217
12/31/2019,0.026375687,0.257,0.0006425,0.28328521,-0.066926081,0.104484419,0.043678927,0.046049019,0.066926081,1.026375687,13435.53853,13435.53853,0,0,0.001431,0.459995832,0.029749453,-0.003373766,-0.159734467,1.156286338,0.017376426
1/31/2020,0.007941922,0.235,0.0005875,0.171113815,-0.066926081,0.074061004,0.035132623,0.046049019,0.066926081,1.007941922,13542.24252,13542.24252,0,0,0.001164,0.344691492,3.45702E-05,0.007907352,-0.349775727,1.149199885,0.010537694
2/28/2020,-0.069021501,0.2315,0.00057875,0.067085161,-0.069021501,0.074061004,0.042309096,0.06786902,0.069021501,0.930978499,12607.53662,13542.24252,-934.705906,-0.069021501,0.001208,0.108645257,-0.081924927,0.012903426,-0.121505338,1.109737726,0.004142134
3/31/2020,-0.117039109,0.219,0.0005475,-0.069249883,-0.117039109,0.074061004,0.055154125,0.090629425,0.117039109,0.882960891,11131.96177,13542.24252,-2410.280759,-0.177982395,0.001268,-0.111064144,-0.122128632,0.005089523,-0.014866762,1.073054606,-0.005708606
4/30/2020,0.144057262,0.216,0.00054,0.03453292,-0.117039109,0.144057262,0.069607288,0.090629425,0.117039109,1.144057262,12735.6017,13542.24252,-806.6408258,-0.05956479,0.000003,0.051939452,0.128821537,0.015235725,0.211216871,1.08221605,0.003340705
5/29/2020,0.076474675,0.206,0.000515,0.193526543,-0.117039109,0.144057262,0.068428185,0.090629425,0.117039109,1.076474675,13709.5527,13709.5527,0,0,0.000059,0.229814086,0.047758616,0.028716059,0.389915849,1.092391727,0.014395716
6/30/2020,0.027964472,0.2265,0.00056625,0.142302791,-0.117039109,0.144057262,0.066190503,0.090629425,0.117039109,1.027964472,14092.9331,14092.9331,0,0,0.000111,0.181741326,0.020274381,0.007690091,0.410409857,1.093388055,0.011002086
7/31/2020,0.079312798,0.206,0.000515,0.228891478,-0.117039109,0.144057262,0.068749061,0.090629425,0.117039109,1.079312798,15210.68306,15210.68306,0,0,0.000096,0.269204706,0.056838124,0.022474674,0.651356128,1.102601254,0.016785371
8/31/2020,0.043141403,0.189,0.0004725,0.320149386,-0.117039109,0.144057262,0.067264067,0.090629425,0.117039109,1.043141403,15866.89327,15866.89327,0,0,0.000079,0.366749849,0.071998882,-0.028857479,0.432123634,1.079716134,0.022847752
9/30/2020,-0.035224925,0.236,0.00059,0.255089388,-0.117039109,0.144057262,0.069500162,0.090629425,0.117039109,0.964775075,15307.98314,15866.89327,-558.9101253,-0.035224925,0.000076,0.297036536,-0.038209029,0.002984104,0.480367302,1.075444294,0.019195869
10/30/2020,-0.00121089,0.195,0.0004875,0.207967542,-0.117039109,0.144057262,0.069573299,0.090629425,0.117039109,0.99878911,15289.44686,15866.89327,-577.446409,-0.036393161,0.000073,0.25180288,-0.026468304,0.025257414,0.506773597,1.064112816,0.016463252
11/30/2020,0.133173236,0.189,0.0004725,0.323546974,-0.117039109,0.144057262,0.077115255,0.090629425,0.117039109,1.133173236,17325.59197,17325.59197,0,0,0.000066,0.335332515,0.109329418,0.023843818,0.633158119,1.083234479,0.023872258
12/31/2020,0.062518688,0.1925,0.00048125,0.370154625,-0.117039109,0.144057262,0.077819861,0.090629425,0.117039109,1.062518688,18408.76525,18408.76525,0,0,0.00006,0.372468146,0.041514736,0.021003952,0.777225936,1.087875392,0.026644062
1/29/2021,-0.006526319,0.2005,0.00050125,0.350487096,-0.117039109,0.144057262,0.078292185,0.090629425,0.117039109,0.993473681,18288.62378,18408.76525,-120.1414744,-0.006526319,0.000046,0.356011257,-0.010112644,0.003586325,0.746510247,1.079637213,0.025816912
2/26/2021,0.062541288,0.2045,0.00051125,0.541333446,-0.117039109,0.144057262,0.072443296,0.072041308,0.117039109,1.062541288,19432.41786,19432.41786,0,0,0.000045,0.537432498,0.026010939,0.036530349,0.792403987,1.094321277,0.035577652
3/31/2021,0.021983065,0.213,0.0005325,0.784016365,-0.035224925,0.144057262,0.053962712,0.019440692,0.035224925,1.021983065,19859.60197,19859.60197,0,0,0.000027,0.938091832,0.043257084,-0.021274019,0.575451565,1.090386713,0.046425712
4/30/2021,0.040062826,0.181,0.0004525,0.621849853,-0.035224925,0.133173236,0.045251486,0.019440692,0.035224925,1.040062826,20655.23375,20655.23375,0,0,0.000014,0.927148764,0.053852832,-0.013790006,0.427370293,1.081203141,0.038803864
5/28/2021,-0.001995896,0.2015,0.00050375,0.503623678,-0.035224925,0.133173236,0.045488678,0.019440692,0.035224925,0.998004104,20614.00805,20655.23375,-41.22569841,-0.001995896,0.000005,0.7786585,0.006159001,-0.008154897,0.287835103,1.079656437,0.032806867
6/30/2021,0.054141032,0.1955,0.00048875,0.541912642,-0.035224925,0.133173236,0.045722638,0.019440692,0.035224925,1.054141032,21730.07172,21730.07172,0,0,0.000004,0.82257813,0.023618188,0.030522844,0.359241103,1.081988827,0.034760472
7/30/2021,0.023212346,0.1895,0.00047375,0.461767205,-0.035224925,0.133173236,0.043908613,0.019440692,0.035224925,1.023212346,22234.47766,22234.47766,0,0,0.000031,0.750213209,0.0242517,-0.001039354,0.274279202,1.087420592,0.030292622
8/31/2021,0.043787493,0.1875,0.00046875,0.462672579,-0.035224925,0.133173236,0.043922593,0.019440692,0.035224925,1.043787493,23208.0697,23208.0697,0,0,0.000049,0.75125715,0.030551745,0.013235748,0.507840104,1.090085049,0.030270264
9/30/2021,-0.046568859,0.187,0.0004675,0.44547431,-0.046568859,0.133173236,0.045614839,0.024545462,0.046568859,0.953431141,22127.29637,23208.0697,-1080.773325,-0.046568859,0.000033,0.702741006,-0.046131191,-0.000437668,0.488888347,1.088512858,0.029448818
10/29/2021,0.101942334,0.1885,0.00047125,0.594760414,-0.046568859,0.133173236,0.048402553,0.024545462,0.046568859,1.101942334,24383.00461,24383.00461,0,0,0.000037,0.839925105,0.070430609,0.031511725,0.501477545,1.051455416,0.038664996
11/30/2021,-0.007796547,0.196,0.00049,0.396367951,-0.046568859,0.101942334,0.040353471,0.025244087,0.046568859,0.992203453,24192.90137,24383.00461,-190.1032414,-0.007796547,0.000044,0.716391182,-0.007330472,-0.000466075,0.403468642,1.052905998,0.02745627
12/31/2021,0.016127051,0.1975,0.00049375,0.335399805,-0.046568859,0.101942334,0.0390453,0.025244087,0.046568859,1.016127051,24583.06152,24583.06152,0,0,0.000067,0.641365751,0.043420065,-0.027293014,0.172181174,1.0370569,0.024147487
1/31/2022,-0.123275841,0.174,0.000435,0.178468331,-0.123275841,0.101942334,0.057716815,0.081087001,0.123275841,0.876724159,21552.56394,24583.06152,-3030.497583,-0.123275841,0.000044,0.265318827,-0.052327082,-0.070948759,-0.088051775,1.082032517,0.014152401
2/28/2022,-0.001401638,0.21,0.000525,0.107549004,-0.123275841,0.101942334,0.05588624,0.081087001,0.123275841,0.998598362,21522.35504,24583.06152,-3060.706476,-0.124504691,0.000028,0.178687941,-0.029363144,0.027961506,-0.115526918,1.06974407,0.009335127
3/31/2022,0.026227205,0.247,0.0006175,0.112148486,-0.123275841,0.101942334,0.055982192,0.081087001,0.123275841,1.026227205,22086.82626,24583.06152,-2496.235258,-0.101542896,0.00006,0.184650247,0.037858186,-0.011630981,-0.089060202,1.06628588,0.009694516
4/29/2022,-0.122991234,0.2005,0.00050125,-0.062206679,-0.123275841,0.101942334,0.066853062,0.123119307,0.123275841,0.877008766,19370.34025,24583.06152,-5212.721275,-0.212045244,0.000037,-0.048653411,-0.087667507,-0.035323727,-0.144724804,1.101686267,-0.00295241
5/31/2022,0.011130329,0.199,0.0004975,-0.049872375,-0.123275841,0.101942334,0.066982102,0.123119307,0.123275841,1.011130329,19585.9385,24583.06152,-4997.123015,-0.203275048,0.000307,-0.03260489,0.000307745,0.010822584,-0.091120846,1.101778291,-0.001982199
6/30/2022,-0.116621371,0.281,0.0007025,-0.203785439,-0.123275841,0.101942334,0.07190091,0.123119307,0.123275841,0.883378629,17301.7995,24583.06152,-7281.262016,-0.296190204,0.000567,-0.228940926,-0.081759448,-0.034861923,-0.277225598,1.128947581,-0.01458089
7/29/2022,0.145453869,0.228,0.00057,-0.108662974,-0.123275841,0.145453869,0.08540694,0.123119307,0.123275841,1.145453869,19818.41318,24583.06152,-4764.648338,-0.193818347,0.000812,-0.074225242,0.093690189,0.05176368,-0.110911626,1.159033906,-0.005469513
8/31/2022,-0.037021868,0.182,0.000455,-0.177669718,-0.123275841,0.145453869,0.084288691,0.123119307,0.123275841,0.962978132,19084.69851,24583.06152,-5498.363014,-0.223664697,0.001901,-0.156934429,-0.040344326,0.003322458,-0.136298373,1.152202219,-0.011480448
9/30/2022,-0.093409059,0.197,0.0004925,-0.21806919,-0.123275841,0.145453869,0.087029633,0.123119307,0.123275841,0.906590941,17302.01478,24583.06152,-7281.046743,-0.296181447,0.001929,-0.198658169,-0.091558577,-0.001850482,-0.139818153,1.144599091,-0.015104981
10/31/2022,0.110377339,0.1985,0.00049625,-0.212083767,-0.123275841,0.145453869,0.08810334,0.123119307,0.123275841,1.110377339,19211.76513,24583.06152,-5371.296393,-0.218495828,0.002327,-0.190424833,0.080157583,0.030219756,-0.143509675,1.152587283,-0.014556003
11/30/2022,0.058845074,0.2065,0.00051625,-0.159163155,-0.123275841,0.145453869,0.090735343,0.123119307,0.123275841,1.058845074,20342.28287,24583.06152,-4240.778652,-0.172508158,0.002856,-0.126278562,0.054095584,0.00474949,-0.130302625,1.152486485,-0.00994192
12/30/2022,-0.076664972,0.234,0.000585,-0.235947797,-0.123275841,0.145453869,0.092197682,0.123119307,0.123275841,0.923335028,18782.74232,24583.06152,-5800.319199,-0.235947797,0.003379,-0.211139769,-0.05884883,-0.017816142,-0.108548515,1.160160531,-0.016779227
1/31/2023,0.093302044,0.2145,0.00053625,-0.047203357,-0.122991234,0.145453869,0.090965453,0.119487809,0.122991234,1.093302044,20535.21057,24583.06152,-4047.850948,-0.164660164,0.003506,-0.018764708,0.06372388,0.029578164,0.175392772,1.16728345,-0.001462318
2/28/2023,-0.028156985,0.204,0.00051,-0.072731543,-0.122991234,0.145453869,0.091323937,0.119487809,0.122991234,0.971843015,19957.00096,24583.06152,-4626.060564,-0.188180815,0.00345,-0.046227958,-0.024325774,-0.003831211,0.08024014,1.185631292,-0.003560735
3/31/2023,0.017106139,0.228,0.00057,-0.080973067,-0.122991234,0.145453869,0.091101146,0.119487809,0.122991234,1.017106139,20298.38819,24583.06152,-4284.673332,-0.174293724,0.003638,-0.05795728,0.03739796,-0.020291821,0.051555858,1.212584315,-0.004354315
4/28/2023,-0.023513499,0.1965,0.00049125,0.023270723,-0.116621371,0.145453869,0.083413433,0.103854599,0.116621371,0.976486501,19821.10206,24583.06152,-4761.959462,-0.193708967,0.00364,0.032483817,0.014959481,-0.03847298,0.041076987,1.226458845,0.002209276
5/31/2023,0.005864987,0.236,0.00059,0.017942161,-0.116621371,0.145453869,0.083392496,0.103854599,0.116621371,1.005864987,19937.35256,24583.06152,-4645.708956,-0.188980081,0.003662,0.023877746,0.005204238,0.000660749,0.00982948,1.219150055,0.001633289
6/30/2023,0.084471093,0.2095,0.00052375,0.249666691,-0.093409059,0.145453869,0.076752372,0.084199811,0.093409059,1.084471093,21621.48253,24583.06152,-2961.578994,-0.120472342,0.004078,0.240466144,0.066899152,0.017571941,0.186636788,1.221198527,0.015113306
7/31/2023,0.035466264,0.2245,0.00056125,0.129672468,-0.093409059,0.110377339,0.066467976,0.084199811,0.093409059,1.035466264,22388.31573,24583.06152,-2194.745786,-0.089278782,0.004391,0.13529016,0.031648011,0.003818253,0.032025567,1.215536615,0.007397937
8/31/2023,-0.038977088,0.23,0.000575,0.127378794,-0.093409059,0.110377339,0.066601925,0.084199811,0.093409059,0.961022912,21515.68438,24583.06152,-3067.377139,-0.124776043,0.004537,0.129273462,-0.015480249,-0.023496839,-0.075783544,1.249433182,0.006891014
9/29/2023,-0.051800425,0.252,0.00063,0.179120643,-0.076664972,0.110377339,0.061499593,0.062989471,0.076664972,0.948199575,20401.16279,24583.06152,-4181.898734,-0.170113016,0.004267,0.193211268,-0.047613626,-0.004186799,-0.084970012,1.250944655,0.009498753
10/31/2023,-0.057947517,0.2275,0.00056875,0.000374819,-0.076664972,0.093302044,0.05692491,0.066370372,0.076664972,0.942052483,19218.96606,24583.06152,-5364.095461,-0.218202906,0.004715,-0.041171029,-0.021105279,-0.036842238,-0.356320606,1.273817454,-0.001839869
11/30/2023,0.115031823,0.228,0.00057,0.053458892,-0.076664972,0.115031823,0.063948049,0.066370372,0.076664972,1.115031823,21429.75876,24583.06152,-3153.302759,-0.128271361,0.004424,0.034526547,0.090745319,0.024286504,-0.256243581,1.279530238,0.001725559
12/29/2023,0.073113165,0.205,0.0005125,0.224344979,-0.057947517,0.115031823,0.060849769,0.054566616,0.057947517,1.073113165,22996.55625,24583.06152,-1586.505271,-0.064536521,0.004266,0.240189902,0.045242218,0.027870947,-0.080913852,1.282416344,0.011396845
